Episode,residential_p1_reward,residential_p1_actor_loss,residential_p1_critic_loss,residential_p2_reward,residential_p2_actor_loss,residential_p2_critic_loss,commercial_p1_reward,commercial_p1_actor_loss,commercial_p1_critic_loss,commercial_p2_reward,commercial_p2_actor_loss,commercial_p2_critic_loss,industrial_p1_reward,industrial_p1_actor_loss,industrial_p1_critic_loss,industrial_p2_reward,industrial_p2_actor_loss,industrial_p2_critic_loss,institutional_p1_reward,institutional_p1_actor_loss,institutional_p1_critic_loss,institutional_p2_reward,institutional_p2_actor_loss,institutional_p2_critic_loss
1,-0.15879165778853357,0.0,0.0,-0.37896637626862667,0.0,0.0,-0.20155604091629928,0.0,0.0,-0.42742954438926617,0.0,0.0,-0.2856861539288368,0.0,0.0,-0.2802046362509642,0.0,0.0,-0.29207553834917477,0.0,0.0,-0.389382437371575,0.0,0.0
2,-0.1726027224041472,0.0,0.0,-0.3838814007096067,0.0,0.0,-0.20045529216546812,0.0,0.0,-0.43404441654897796,0.0,0.0,-0.2839967778672467,0.0,0.0,-0.27577251325405333,0.0,0.0,-0.2991121364860171,0.0,0.0,-0.3940018513247308,0.0,0.0
3,-0.17140797317802103,0.050443834237133466,0.0034089346989747828,-0.35969389714126354,0.4258212954909713,0.015106352087093034,-0.19608247855655442,0.22943658768026917,0.0033731846013796275,-0.3899576953648537,0.25978727224800324,0.02342416863474581,-0.28704170976913906,0.24186476292433562,0.007754781809462993,-0.28940681728701506,0.28711017855891474,0.007849104467486203,-0.2896535270482367,0.19570530971719158,0.00949318287462962,-0.38930299584083367,0.3209352664373539,0.018377635218375536
4,-0.3064665968531405,0.06481801041712364,0.003414054102419565,-0.2825973767223474,0.35436725318431855,0.0016521943267434835,-0.3534495523513496,0.26093241075674695,0.003594199886235098,-0.1738174404182914,0.17112333998084067,0.0017286346099960306,-0.3823293432923184,0.27250281075636545,0.0032071184483356773,-0.3530079283853657,0.34118333260218303,0.002177018661556455,-0.3588665736580923,0.20487517317136128,0.0028506588966896135,-0.3856900548267353,0.3472485214471817,0.002128125603000323
5,-0.3448221311645904,0.21954154819250107,0.002114426391199231,-0.23590021101520048,0.4315743009249369,0.0006960458452037225,-0.409695059642081,0.4449102242787679,0.0015089500511142736,-0.12023460142463746,0.1547898158431053,0.0012846650284094115,-0.4224180807332258,0.4479725023110708,0.0008731547384134804,-0.33195476124943624,0.3806224375963211,0.0010209286740670601,-0.41339615208287644,0.40720835129419963,0.0009856794902589172,-0.3274827323615658,0.41818565924962364,0.001485371368471533
6,-0.22246369330467722,0.15363589773575465,0.0008725610076605032,-0.22060455604518667,0.46542125443617505,0.0004822257353225723,-0.33769643399029914,0.453221794962883,0.0008525866685279956,-0.10119599443199732,0.19636741628249485,0.001223352795932442,-0.3859672357644087,0.45409396092096965,0.0006830823762963216,-0.3251923561225919,0.46489564577738446,0.0008032190089579672,-0.42135201732706384,0.42211990157763163,0.0006783682484334956,-0.2823542623369316,0.4179550518592199,0.0007966224220581353
7,-0.23273906039893266,0.16594093988339106,0.0007507658156100661,-0.22138542408778536,0.4493722160657247,0.00048539826336006325,-0.30292625118716543,0.41235357920328775,0.0011253558409710725,-0.13023862482429135,0.21794255524873735,0.0011598147723513345,-0.33798231636195525,0.4477550357580185,0.00045485844214757283,-0.30735662146393966,0.4438756823539734,0.0006474643402422468,-0.3351699014296982,0.3950514862934748,0.0006434156889251123,-0.27029418430774854,0.4296339213848114,0.0006512564626367142
8,-0.1730534793497615,0.17523258179426193,0.0003703685768414289,-0.20789867669583317,0.49256538848082226,0.00042120579552526276,-0.2951435041753248,0.4569852431615194,0.0009254984984484811,-0.1085885419846951,0.22641061345736185,0.0012137486056114236,-0.2923689238859298,0.45553433696428935,0.0002734604121845526,-0.2936804769913678,0.4798404375712077,0.0011389720195438713,-0.3144933478281756,0.3710530330737432,0.0007375061880641928,-0.2395458145570924,0.4335916111866633,0.00041098771422790986
9,-0.19311829771139452,0.16866438388824462,0.0004251993678432579,-0.19518426713599438,0.48191604514916736,0.0003836498003996288,-0.2417474435230326,0.43475490311781567,0.0004951622967685883,-0.12144812216397011,0.22654982954263686,0.0011454280058387667,-0.29534481795417894,0.4710769087076187,0.00026059385418193416,-0.2922595536334562,0.5046445280313492,0.0005949404730927199,-0.34362974031229065,0.4657018184661865,0.0005927655855581785,-0.2402935582078575,0.4681868533293406,0.00029002433778562895
10,-0.24378172873322662,0.24021116346120835,0.00046157386483779795,-0.18164132047901801,0.5004944761594137,0.0003490207808984754,-0.34008990934758576,0.4945723960796992,0.0012635260995011778,-0.16450687262614314,0.2205247307817141,0.0012337701375751446,-0.321200931140509,0.5296296109755834,0.0005279131466522813,-0.26251475715287376,0.5205319245656331,0.00036776571408457434,-0.2682434746157655,0.44260213971138,0.00031892452243482695,-0.22715069575491628,0.4670491884152094,0.0002364886235833789
11,-0.16452617066264177,0.21996676921844482,0.0002606016059871763,-0.2114290767796185,0.5078206370274226,0.0002923938979317124,-0.28144127644248285,0.5614107688268025,0.0008852974783318738,-0.213328440382006,0.2827655831972758,0.00128747255463774,-0.28550276212282394,0.5415675779183705,0.0003198619238294972,-0.25272530765799206,0.5335736314455668,0.000377735241878933,-0.31391636705132814,0.45061952372392017,0.00038904819618134446,-0.24664198770724013,0.49818546970685323,0.0002614435346913524
12,-0.2138036732282256,0.21625080307324726,0.0005369170408812352,-0.20879876209223652,0.5468791743119558,0.0003455488462350331,-0.25084098797921084,0.4993458867073059,0.0005734515599518393,-0.21281154251817938,0.32337389687697093,0.0011989455223859599,-0.29864925269955517,0.5629403114318847,0.0003560106764780357,-0.27465767475013225,0.5687495172023773,0.00038934204252048706,-0.30996028972683387,0.5232121924559275,0.0003788736003722685,-0.25474562956473445,0.5348283529281617,0.0002646491411724128
13,-0.23799812969373937,0.2994198501110077,0.0004815609330156197,-0.20964951114413238,0.5647471646467844,0.00029670847434317695,-0.3408793473580218,0.5903968751430512,0.0008172487025149167,-0.14663705243405573,0.29014922777811686,0.0010911900860567888,-0.3003135799122123,0.599783883492152,0.000304804654539718,-0.2667155706094064,0.5942285537719727,0.0003987787985048878,-0.2832977215585604,0.5220685501893362,0.00029603242340575284,-0.2372293265148985,0.5346479177474975,0.00024869918803839634
14,-0.17002784478843921,0.28438939452171325,0.00029372439700334023,-0.20679424620090112,0.584179824590683,0.0002512702073242205,-0.22723012302322423,0.6007491171360015,0.0004946776190384601,-0.1387697678141633,0.2879404286543528,0.0010485675690385203,-0.2844063631419742,0.6283042629559835,0.0003044744429644197,-0.25365884209528544,0.6202331125736237,0.0003849398359307088,-0.3184092382469633,0.5655342876911164,0.000488109986569422,-0.2262078774547562,0.5629526754220326,0.00023673856388389442
15,-0.16898519674858678,0.26696875790754954,0.00025890239582319435,-0.21777216000824037,0.6143713156382243,0.00035333058088629816,-0.19014243767222685,0.5827491362889607,0.0003637011075625196,-0.10868920371987585,0.29672741095225014,0.0011573912323607752,-0.2783458281427332,0.653485651810964,0.00029094850081795207,-0.2547617508707835,0.6349578281243642,0.00035881152434740214,-0.28987810012744686,0.6024458050727844,0.0004320109156348432,-0.23499509406183325,0.5903224845727285,0.00022319650306599215
16,-0.2857689828119714,0.3174973120292028,0.0007279907411430031,-0.23176501506265731,0.6426487187544505,0.0002952963821977998,-0.2258650180201354,0.5910807907581329,0.00048724433969861517,-0.12524676783130273,0.3071111172437668,0.0011214961336615185,-0.25270433234975326,0.6796999911467234,0.00028739327244693414,-0.33807753781416605,0.6872138420740763,0.0008908964955480769,-0.2987500712425439,0.6065987666447957,0.0004455028897306571,-0.22250966668099306,0.6186802327632904,0.00024427853350061923
17,-0.23245581246917754,0.3731754203637441,0.0005311685313548272,-0.20323638064998864,0.66040913661321,0.00024542513710912317,-0.25951887228704057,0.665312937895457,0.0005371381596584494,-0.11229689913940095,0.3198058327039083,0.0011813272916090984,-0.28064694989212324,0.6997261802355449,0.00038669351294326286,-0.36583045656865776,0.7789310038089752,0.0006173481485651185,-0.28264230432774023,0.6412241141001384,0.0003937474873964675,-0.20732886825886485,0.6428923626740773,0.0002110751030462173
18,-0.22496142397282168,0.3021259278059006,0.0005534989167548095,-0.22835560343699085,0.6774399658044179,0.00029466941098993025,-0.1971351103270459,0.6684856077035268,0.00041360446193721144,-0.1504541054802059,0.33635933299859366,0.0011286053554310153,-0.26692793300012807,0.7306568066279093,0.00038447403251969564,-0.2732964735860968,0.7558333436648051,0.0005045039744193976,-0.27336471305409366,0.6528578738371531,0.0003631186021569495,-0.21476436558565573,0.6672480007012686,0.00021423655562102795
19,-0.31026203086240645,0.3877152740955353,0.0008150026017877584,-0.2363979191645074,0.7076181054115296,0.00036331493611214684,-0.17981521663123104,0.6671319047609965,0.0003282523830421269,-0.1174500370379265,0.3502417027950287,0.0011481099296361207,-0.27400289171759995,0.7515201111634572,0.0003512829823497062,-0.27796187983083165,0.7226016243298848,0.0005652317428030074,-0.2487477006774295,0.6818075299263,0.00031739265978103504,-0.23032686771896121,0.6867361485958099,0.0002242947205862341
20,-0.2016580526997597,0.39362426300843556,0.0005225384025834501,-0.18747692265334107,0.7260573903719584,0.0003113686077995226,-0.20003252811584965,0.6811365147431692,0.0003348307218402624,-0.13026466146417584,0.3597125420967738,0.0011534123914316297,-0.29787973302213594,0.7889460305372874,0.00043836531355433784,-0.320089989001429,0.8054960250854493,0.0007033821903557207,-0.24625365419509934,0.6852398554484049,0.00031711889556997145,-0.24590056691330514,0.7334745864073435,0.00022328966927792255
21,-0.18119545652031074,0.372384915749232,0.00041893077820229034,-0.1956675921051425,0.7413647989432017,0.00025039569639678425,-0.2120508226531711,0.7091352840264639,0.0004033197998069227,-0.16826196969604582,0.39015809297561643,0.0012199376108280072,-0.27754102966332367,0.8243758519490559,0.0002925519928491364,-0.2784949781113755,0.8422530074914296,0.0006001342359619836,-0.2529089877091618,0.7389948646227519,0.00040638603968545794,-0.2242292324692392,0.7500683685143789,0.00019136091771846016
22,-0.19402797345421846,0.40847093959649405,0.0006020058984480178,-0.18336130472830817,0.7638838628927866,0.00029028700810158626,-0.223328905670439,0.7410111606121064,0.00041257576910235606,-0.17538116523221708,0.4258158574501673,0.0011066077005428574,-0.2876023942019515,0.8489931643009185,0.0003047620120923966,-0.24999816400339575,0.8330863078435262,0.0005770671685847143,-0.20114651681637646,0.745528644323349,0.0003683753942217057,-0.21236563972925004,0.768969879547755,0.00021564340956198674
23,-0.17626430363516593,0.4088553080956141,0.00034156069887103513,-0.1896480259727382,0.7819764276345571,0.0002911959275176438,-0.20629653522525657,0.7546890020370484,0.00038132551417220385,-0.21161166754668104,0.4576227198044459,0.001168031864411508,-0.2775065028517618,0.8762320657571157,0.00032191649661399423,-0.2630576710763944,0.8651339888572693,0.0006024470853541668,-0.2403547798938235,0.7634072462717693,0.0003969437665849303,-0.20344526508737185,0.7976322929064433,0.00020933829340113636
24,-0.22409919778470924,0.43863598903020223,0.0004935536470535832,-0.18469315057343588,0.8030388812224071,0.000262577788089402,-0.24230405252282067,0.7737957398096721,0.0004593739586804683,-0.17487854936690986,0.5030292063951493,0.001154488070945566,-0.27337419871658836,0.9028201917807261,0.0002640724919425944,-0.2615673427384305,0.9082966625690461,0.00040000385876434545,-0.24982608966253184,0.8048219442367553,0.00043242681325258064,-0.21718497206675527,0.8091407775878906,0.00019218742114996228
25,-0.19023653961793435,0.4720677137374878,0.00038970558477255206,-0.1786931207203914,0.8250030159950257,0.0002584230940556154,-0.2543092597851358,0.8024486064910888,0.0005561617552302777,-0.17637059045181983,0.4664132118225098,0.0010509571594108516,-0.27813040668056505,0.9286731580893198,0.00035307075838015103,-0.23943355974335553,0.9300175050894419,0.00046066119296786685,-0.23724478658328277,0.8203592956066131,0.00030867996441277985,-0.22685198560799869,0.8490573624769847,0.0001980883636861108
26,-0.16577689726863748,0.44665297865867615,0.00026948339994608736,-0.1620026718048031,0.845566592613856,0.0002581784026309227,-0.2685067109564837,0.8329934140046438,0.0008485660994968688,-0.19731921726253857,0.5120558728774388,0.001014116402560224,-0.2567329999166394,0.9511548479398092,0.00048122516309376804,-0.2572842826724362,0.9514940838019054,0.00036679765034932645,-0.2895303083633881,0.8507453501224518,0.00045369234091291824,-0.20593587050101803,0.8711534599463145,0.00015469909897850205
27,-0.2145898986418124,0.47932033737500507,0.0004701826590462588,-0.17472544952301056,0.8672089536984762,0.00032129185613788045,-0.2624579514954898,0.8451488713423411,0.0005991430429276079,-0.20003895468962316,0.5540990213553111,0.0010694980543727677,-0.24119266792427835,0.9762776831785838,0.00028867554356111215,-0.25308380311422185,0.9900201678276062,0.00035853009030688553,-0.2620333918744232,0.9006035447120666,0.0004959532224650805,-0.193097920429017,0.8943429589271545,0.00015644951636204497
28,-0.17598702457928095,0.4922265181938807,0.0003862214910138088,-0.1670087537484326,0.8783469220002492,0.0002562112233135849,-0.2766142058745078,0.8861291527748107,0.0007282614863167206,-0.22456459179009594,0.5590444326400756,0.0009370241061939547,-0.24964426499274459,1.0103871742884318,0.00030673537015294035,-0.2705933540270016,1.0149017870426178,0.0005892902447764451,-0.24926660408775023,0.9152102947235108,0.00038476413513611384,-0.19758812527577402,0.9155908187230428,0.0001643799582476883
29,-0.16238370129587248,0.5135335564613343,0.0003304431438057994,-0.15929415268533406,0.8974777102470398,0.0002453901965054683,-0.27642900254715724,0.9054269274075826,0.000627525335100169,-0.22865222296776558,0.6275984267393748,0.0009256224380806089,-0.23802502657067717,1.04598019917806,0.000322947060825148,-0.27096042991935065,1.054367478688558,0.0004280832984174291,-0.23296829482159487,0.9269722461700439,0.0003968742520858844,-0.19841984876923563,0.937533974647522,0.00020229535196752597
30,-0.16063028525293072,0.5332179447015126,0.00029212476850564903,-0.16038916194596922,0.9224096655845642,0.00030310668128853045,-0.2532352264559649,0.9175455828507741,0.0005161170634285857,-0.20848537317528576,0.6338015695412954,0.0010766850784420968,-0.22616068741647277,1.0608590126037598,0.00024979253648780284,-0.23992343901590793,1.0808542251586915,0.00040102038183249534,-0.24960171768655792,0.9375385562578837,0.0003482940524312047,-0.19422849680359486,0.965966796875,0.00019740760277879113
31,-0.1473761679796325,0.5408016661802928,0.0002768927142218066,-0.16205307472333216,0.9421046018600464,0.00030637978391799455,-0.25325294486548616,0.9440942366917928,0.0006649906717939302,-0.19138517556298765,0.6219532390435537,0.0009883229135690878,-0.2256688828667855,1.086358336607615,0.00027128577494295314,-0.22052770570009814,1.1001837253570557,0.0004747568852811431,-0.26599064741569606,0.9836490650971731,0.00034862394095398487,-0.19543713925682935,0.9861626009146373,0.00014803883556548195
32,-0.14875673769030565,0.5437532087167104,0.0003623470057694552,-0.1773684122865456,0.9613083322842916,0.00039300966454902664,-0.23972437160756246,0.9584476331869761,0.0005304517932624245,-0.1811749271780462,0.6169138828913371,0.001108942828917255,-0.24240333832463373,1.1180017391840618,0.000259772193870352,-0.23022079412058313,1.1141080061594646,0.0003692219009584126,-0.23996493079861705,1.019680909315745,0.00046792129384508975,-0.17985172734147378,1.0118010759353637,0.0001794983349100221
33,-0.14816701630546916,0.5628877798716228,0.00039027418048741914,-0.1592934542036556,0.9817888796329498,0.0003124493513799583,-0.2940529280652561,0.9895318349202474,0.0007316060791102548,-0.18911788140246977,0.6311459322770436,0.0010370652443574121,-0.22697653222006012,1.1552569270133972,0.00034926630954335757,-0.23631229787451893,1.1432898759841919,0.00044543592472715926,-0.22332459295477328,1.03639657497406,0.00039511034944249935,-0.18703757426161996,1.0327903151512146,0.00019292094996975113
34,-0.14982323878155918,0.5702512999375661,0.00039281420128342386,-0.16978206717105904,1.0047800322373708,0.0002461713981271411,-0.253572008575665,1.0286949535210927,0.0006225938802041734,-0.1698647947144776,0.6461574872334798,0.001026876266890516,-0.20242947046342205,1.177500808238983,0.00025297443353338166,-0.22500215507598942,1.1765389005343119,0.0004254771673004143,-0.2329116454208508,1.048223082224528,0.00037311786193943894,-0.18385976266117257,1.0528467178344727,0.00015400253760162742
35,-0.166875575570788,0.5855763792991638,0.00031193325946029897,-0.1645060147611004,1.027545404434204,0.0002763626107480377,-0.23764475181457986,1.041359410683314,0.0004909143618230398,-0.18887024009590528,0.670828253030777,0.001028042131414016,-0.1876856535403969,1.197995944817861,0.00024544778231453773,-0.2101702533414132,1.2033607006072997,0.0003987439093180001,-0.2558464457611651,1.075814155737559,0.0004068919729130963,-0.1849095052516885,1.0848356326421102,0.00015628687712402703
36,-0.17848929129598468,0.6124301493167877,0.0003941459852891664,-0.16124941553227454,1.0464757243792215,0.00044893929104243097,-0.2098200341422847,1.061460057894389,0.0004336242491262965,-0.1628854122857657,0.6837623139222463,0.0010297040261017778,-0.20970326382876836,1.2116992036501566,0.0002878316217296136,-0.22584894135195563,1.2278035521507262,0.00032107992495487755,-0.23147303537180206,1.111447020371755,0.0004269316850695759,-0.17978316201963787,1.1061728239059447,0.00018433259271356898
37,-0.17927474818200992,0.6232655644416809,0.00036057872202945875,-0.1521540405980639,1.055640455087026,0.00022428514591107767,-0.24495259123072255,1.0548171440760294,0.000517846342215004,-0.15333646992162164,0.6814003566900889,0.0010025718191172927,-0.2108959494542937,1.2336775422096253,0.00029883075136846553,-0.2245841780436225,1.2505104740460713,0.0005617295605285714,-0.2202560083583213,1.133256475130717,0.0003782488410555137,-0.18415927502293916,1.1227027972539265,0.0001598315837327391
38,-0.17942127089928325,0.6482213417689006,0.00048751883926646166,-0.1464923619329431,1.0768794735272726,0.00033219935285160317,-0.2757359132998529,1.107522181669871,0.0012323730227459843,-0.13547681517959906,0.6868685066699982,0.0010310971391542503,-0.19765977829329984,1.262891372044881,0.00040190693107433617,-0.21800132291929153,1.2791136701901753,0.0004588254164749136,-0.22799865278819664,1.1608965595563252,0.00041577337882093467,-0.18274315726810172,1.1500770092010497,0.0001719874130988804
39,-0.18985905408086354,0.6594993889331817,0.0004203978537892302,-0.1524947373607993,1.1016015728314719,0.0002554430330443817,-0.259566840483146,1.134786840279897,0.0006435025056513648,-0.11621467228894751,0.6824675500392914,0.0012057957278254132,-0.20430350054197302,1.284632674853007,0.0004385762275584663,-0.21027041222768755,1.3028810183207193,0.0005152890516910702,-0.20068422372409234,1.1801554163297017,0.0004851169913308695,-0.16961320803054836,1.1695661306381226,0.00017963419765389214
40,-0.19270212908785875,0.6775912861029307,0.00043463804128502184,-0.15684524027679095,1.1130839864412942,0.0003471672486436243,-0.2832311320750262,1.134062647819519,0.0006711640123588344,-0.1218245982322759,0.7021124760309855,0.001028559432597831,-0.1913219436221512,1.311349912484487,0.00033956359062964716,-0.22141146661226926,1.3265698353449504,0.00038189098316555224,-0.21029903044210368,1.1966052174568176,0.00043680601860008515,-0.1831515817691351,1.193537668387095,0.00019247804739279671
41,-0.1858622128515137,0.7137082437674205,0.000323928335274104,-0.1631262617700572,1.137672448158264,0.0003727205054019578,-0.2821700042720391,1.185514744122823,0.0008498762617819011,-0.11190609150775678,0.7106435577074687,0.0011246982282803704,-0.17845712512927614,1.3274234771728515,0.00029210633801994844,-0.20804033531223368,1.3560884515444438,0.0004042491016055768,-0.21206922447894014,1.2250583171844482,0.0002755867831486588,-0.17871757468921604,1.2150996685028077,0.00023648568021599202
42,-0.160840335746557,0.7058327992757162,0.0003201069742014321,-0.16922892678438198,1.1545944611231487,0.0003322963918132397,-0.2605396480751458,1.17708664337794,0.0006612139006999011,-0.14619743769761032,0.7163046022256215,0.0012848549658277383,-0.18373537981843033,1.3554242213567098,0.0002876463736659692,-0.19848057028843483,1.3714856386184693,0.0003470961761195213,-0.19243689545447246,1.2506903290748597,0.0002607842984919747,-0.17836870858886814,1.2420692880948385,0.0001396807837105977
43,-0.17355975896916664,0.7264776209990184,0.00034988159604836254,-0.1476101534119928,1.1818008740743002,0.00028872206942954414,-0.33431832214662427,1.2322871764500936,0.001141253272847583,-0.134756947098562,0.7571047524611155,0.0012680624863908936,-0.1888769911103979,1.3770778059959412,0.00031402311821390565,-0.2014793045101247,1.3918490568796793,0.00032331341402217124,-0.18191181440140083,1.2648528496424356,0.00023291712035036956,-0.18032584665547538,1.2640536546707153,0.00014400243793109743
44,-0.15646024685451515,0.7479382733503978,0.00031802473046506444,-0.15404031067056853,1.178738284111023,0.00043795273571352783,-0.22514095872453985,1.2645007928212484,0.0008781093347351998,-0.1334624629434007,0.7560467958450318,0.0012490012935207535,-0.19726789893673544,1.3996203660964965,0.0003164920650306158,-0.20507077722321487,1.4126870393753053,0.0004980447886434073,-0.20424894250051126,1.2850001096725463,0.000255966779756515,-0.1867385386607471,1.283131488164266,0.00017945200233953073
45,-0.14538161449949227,0.7535780807336171,0.0003336390305776149,-0.17491273539584107,1.2227714618047079,0.0003790866869773405,-0.18602951357893,1.261125342051188,0.0005938636808423325,-0.14430696328886672,0.7726091325283051,0.0013778254118127127,-0.17416083524641995,1.4165207982063293,0.0002701287439170604,-0.21303684992235877,1.4449376622835794,0.0003726641244914693,-0.1923437492932706,1.309187146027883,0.00024641325241342806,-0.18443247029484175,1.3098983287811279,0.0002395727948169224
46,-0.17378082337001283,0.7533086001873016,0.0003389168181456625,-0.1341097814883828,1.2382071336110434,0.0002900579352475082,-0.18274807389775957,1.2699677268664042,0.000618660741019994,-0.17707935709233297,0.8039605418841044,0.0013236781116575003,-0.17861741528629463,1.4402526259422301,0.0002852764174652596,-0.20345194140435696,1.4733500758806863,0.00034371579483073825,-0.1895834949106319,1.3387354572614034,0.000254132078650097,-0.17216305734289905,1.3324989636739095,0.00021046990950708279
47,-0.23830242233409482,0.7865246216456095,0.0004349801301335295,-0.1279002231291694,1.2510913252830504,0.00034933557568971686,-0.22114265386901608,1.2896040399869284,0.0006516763115845,-0.18124379379886113,0.8268763720989227,0.0012203988483330856,-0.18557257743555083,1.455020578702291,0.00027352237569478653,-0.20446572494837184,1.4985357364018759,0.00041351795274143416,-0.1844625257068181,1.3625836730003358,0.0004696274952342113,-0.1820047684958375,1.357592761516571,0.0002057074704983582
48,-0.17723036594053,0.8320864995320638,0.0004946691343017544,-0.13131387337778577,1.2627852161725361,0.0003089011263606759,-0.21749020489846768,1.332182768980662,0.000585319395759143,-0.16462039748975096,0.8383035878340404,0.001476661874524628,-0.1683898623171155,1.4794752955436707,0.0003164966901143392,-0.20176164162580507,1.5201567808787029,0.0004459693484629194,-0.1770618176380056,1.3859371860822043,0.00032795136163864903,-0.17977267626391288,1.376597774028778,0.000196269837761065
49,-0.14317987674606028,0.8099062820275624,0.0005453220607402424,-0.1500042391760964,1.2789749383926392,0.00028351498573708035,-0.16851484564417146,1.353591497739156,0.0005826742659943799,-0.17763380383177357,0.8401771585146586,0.0011431972476808976,-0.17254645695229026,1.4990434567133586,0.000500150960093985,-0.1933245918936152,1.5447575847307842,0.00044459158283037444,-0.1928646291195983,1.4035314520200093,0.0005416009647888131,-0.16096095350149373,1.3993278900782267,0.0003217827422001089
50,-0.20975384389967575,0.8223146557807922,0.0006112170231062919,-0.15340880275538468,1.3082932670911154,0.00027068657509516926,-0.15040498764918125,1.3611064235369363,0.0006264262240923321,-0.24027748346194894,0.8766316751639048,0.0012187765348547449,-0.18115720011761188,1.5233254512151082,0.0005521893918436642,-0.19688142403177902,1.562144148349762,0.00040725749859120696,-0.18708534109399447,1.4264333367347717,0.00040521505531311656,-0.18497957757062988,1.4174933671951293,0.00020110212305250266
51,-0.1772299617131064,0.8606123189131419,0.0005885120840199913,-0.1303106762612433,1.3123857935269674,0.0004166154777825189,-0.16152745793548165,1.36715061267217,0.0006480341786906744,-0.13945616453188725,0.8919896125793457,0.001399281541428839,-0.17843288261325135,1.5480035146077473,0.00026914236950688065,-0.1809218201203053,1.5853083729743958,0.00042434883216628804,-0.17058807516376776,1.4471117456754048,0.0002239450317574665,-0.18914143425693164,1.437519633769989,0.00019453787220603165
52,-0.14597810933618321,0.8778973122437795,0.000488353996964482,-0.1428209832032561,1.330985677242279,0.000290820786904078,-0.19214626218277933,1.375571616490682,0.0005615251633571461,-0.1162212162979868,0.8889292498429616,0.0010810418093266587,-0.17707523407226458,1.5603465914726258,0.0003664159259642474,-0.18761453829154953,1.6005405028661093,0.0003965622929778571,-0.17091379779148244,1.4590402126312256,0.00022046472683238486,-0.16858235761283005,1.464489456017812,0.00017878402601733493
53,-0.1320500827643677,0.8922408024470011,0.0003090184089766505,-0.1374769408515594,1.3491257985432943,0.0003710472510041048,-0.20898105281402962,1.4098779877026877,0.0005971507761084164,-0.11158340897311907,0.9078444937864939,0.001117488027860721,-0.18800257723561836,1.584342892964681,0.0003189962396087746,-0.18679372489137308,1.6246254563331604,0.000385952033684589,-0.1655960474103787,1.480076269308726,0.0003223928569544417,-0.16845241199965516,1.4877372622489928,0.0002713128097335963
54,-0.12435845474966581,0.8904131273428599,0.0002598284312019435,-0.13801904903821485,1.3576270977656046,0.00047130777287141733,-0.19145643128494508,1.441163166364034,0.0006028888359044989,-0.10886047803808938,0.9111351648966471,0.0010998651521125188,-0.17955977866924983,1.6031079769134522,0.00042140231428978346,-0.18384304239368318,1.6532746315002442,0.0003725780775615325,-0.18051696903151193,1.5050865372021993,0.0003410787001485005,-0.1746134266931794,1.512225341796875,0.00017614392078636835
55,-0.20412724328775983,0.8947017113367717,0.0004539561404574973,-0.12847234635721402,1.3700760126113891,0.0004045907597173937,-0.17724023765395489,1.4594725251197815,0.0006192788569023833,-0.11901461170665081,0.9283568640549977,0.0013811691450731209,-0.18230348729465,1.6327961007754008,0.0002805268479278311,-0.17617058842713368,1.6751510977745057,0.00043589008564595135,-0.17424752221151246,1.5245848298072815,0.00023677906719967722,-0.17389097908679124,1.5362944285074869,0.00015042028195845584
56,-0.22334181014068297,0.9431834181149801,0.0004955464809124048,-0.1302231306420293,1.389103098710378,0.000446365566070502,-0.15287115611123517,1.4790479381879171,0.0007111215255766486,-0.12022701144373295,0.945282785097758,0.001200667048882072,-0.17300954238342373,1.6524150649706522,0.0003815007856852996,-0.19059196591567307,1.691369084517161,0.0004476803490736832,-0.16846135576047577,1.5489111026128133,0.0003373353193940905,-0.17290328705371896,1.5563079635302226,0.00014754780204384588
57,-0.14119383041593778,0.9589113632837931,0.00047009662569810946,-0.1415249603757448,1.416680900255839,0.0003150164358279047,-0.1622588925900378,1.494199009736379,0.0005536120772982637,-0.11707195312320356,0.9694835742314657,0.001267462291677172,-0.16312322928701886,1.6638946692148844,0.000349306993787953,-0.17958698593472733,1.7126634001731873,0.0004920980344953325,-0.16975931943028533,1.5636276284853616,0.00039717742862800757,-0.16449448814025708,1.5776326139767964,0.0002458543283864856
58,-0.1363378602028492,0.9481095294157664,0.0003859847100102343,-0.16218808560260045,1.4145364046096802,0.00046036697798020515,-0.17121886080663937,1.498638129234314,0.0005770759530908738,-0.11610260869299298,0.9747651239236196,0.0012446289397000025,-0.16892788595771258,1.6858468890190124,0.0004566569288726896,-0.1797082467305471,1.7356693824132283,0.0004229494787675018,-0.16588812146672066,1.5770900170008342,0.0002941151600680314,-0.16708149221806132,1.5958822091420493,0.0002892289271888634
59,-0.16986645345011278,0.9487353940804799,0.00034724800013160955,-0.14587202823962464,1.451727286974589,0.0003655033137571687,-0.22877286100215002,1.5248120347658793,0.0005860517791006714,-0.10947428389435764,0.9875687539577485,0.0012885179079603405,-0.17360623654630528,1.6985570430755614,0.0004888860833792327,-0.18827721610555295,1.7567466537157694,0.0004552002496590527,-0.16290129711330348,1.602746597925822,0.00035651229651800044,-0.1801421539315445,1.6154422918955484,0.0001735139555724648
60,-0.18910684307122355,0.9786123772462209,0.00034253228611002363,-0.12425451371241505,1.4604071060816446,0.00031088037309624875,-0.22042550894711746,1.563974380493164,0.0008224079763749614,-0.1041947630554926,1.0130985101064047,0.0012672542167517047,-0.18279996371421553,1.72949960231781,0.00029574088694062084,-0.1761135989391936,1.7791763544082642,0.0003762769561338549,-0.15407767386556265,1.6206570227940877,0.00040608461567899213,-0.1658609522774152,1.635044268767039,0.0001775703211023938
61,-0.166044121413057,1.0084009289741516,0.0005097122858084428,-0.12154809935315407,1.4707704504330954,0.0002732805432363724,-0.17850075654902406,1.5868372917175293,0.0007073433846623326,-0.10987508301998021,1.021950751543045,0.0012314115573341647,-0.1672571791538822,1.7457014481226603,0.0003367010082001798,-0.17035609248614528,1.8026535709698994,0.00037205856351647527,-0.17034018428935782,1.6344885627428691,0.0003449696586661351,-0.16481377074135792,1.6590831756591797,0.0003694390451225142
62,-0.12995448470318036,1.014885272582372,0.00044980444751369455,-0.1295653323007558,1.4870248119036356,0.000359880401326033,-0.1487981048821475,1.5997812231381734,0.0006756509421393276,-0.11663280249670442,1.0271021962165832,0.0013847345350465428,-0.16300488916941458,1.768384305636088,0.0003048232431562307,-0.16805345275452332,1.8153966069221497,0.00037506977387238296,-0.1578633252247407,1.655763832728068,0.00036559276001450297,-0.1773741725460055,1.6819707036018372,0.0002492123225238174
63,-0.1255734875128337,1.017125238974889,0.0003471601036532472,-0.1257858423512135,1.4967446208000184,0.00032024942483985794,-0.1604081492987903,1.6040416399637858,0.0005247794547661518,-0.11622752848541461,1.0516777157783508,0.0011664229115316024,-0.15859879023311477,1.7864191691080729,0.0003203718253644183,-0.16575796643395554,1.841101618607839,0.00039148351303689804,-0.16792636861139928,1.6772289911905924,0.0003628279591794126,-0.16681921575125178,1.708036224047343,0.00022371617184641462
64,-0.13805407193117283,1.0289069950580596,0.00042912882927339526,-0.12036511212935436,1.5217756350835165,0.0003533190698362887,-0.20393460071552352,1.6086472948392232,0.0007773430368009334,-0.12035323415002872,1.0788944681485495,0.0013030291709583252,-0.15747193668668977,1.798116934299469,0.0003593770302056024,-0.15461442420672966,1.851315716902415,0.0004193338507320732,-0.16301907906886895,1.693693737188975,0.00032895295347164694,-0.1609980014106686,1.7245640754699707,0.0003439178595726844
65,-0.15463280185410305,1.042790166536967,0.00042094595701200885,-0.1248846963126462,1.5281633615493775,0.0004061948323699956,-0.22957843615138307,1.6434520761171976,0.0007895934211167817,-0.11761897565675075,1.0785079677899678,0.0013751110411249102,-0.1499651237075591,1.8215610186258953,0.00037677778551975885,-0.17525832591081308,1.875080982844035,0.0004417059263990571,-0.16662690825136972,1.7140953342119853,0.00038553556078113616,-0.18076894269341431,1.738465925057729,0.00021851388689052935
66,-0.14890242355928274,1.066893990834554,0.0003272598541419332,-0.131567399617212,1.542138695716858,0.0004114842818429073,-0.20178469350583192,1.6784955541292825,0.0006956033311629046,-0.12027170415952305,1.0999363621075948,0.0012972575185510018,-0.15356208202865804,1.8340303381284078,0.0004053466579838035,-0.17873219261657966,1.8908029357592264,0.00038920166552998127,-0.1580172258880957,1.7287473956743875,0.00024046657539050404,-0.1725144103636666,1.7631049633026123,0.000298317419947125
67,-0.11958040027536598,1.0812489549318949,0.00026733763612962015,-0.1376885616740798,1.569778025150299,0.0003135582553416801,-0.15506826074401078,1.6919114311536154,0.000626956217456609,-0.11785610765855813,1.1092055002848307,0.0014545619216126701,-0.15332754349868882,1.8543498635292053,0.0005561889905948192,-0.1689648521081687,1.9123162984848023,0.0004162527383111107,-0.1527374034153857,1.7461958249409995,0.00028364660150449105,-0.16042442211987393,1.7847997069358825,0.00025789919454837217
68,-0.13199633273055575,1.086847201983134,0.00025996100448537617,-0.11659519854769558,1.5811947902043662,0.00033925964817171916,-0.15687505024632864,1.6987801949183146,0.0007110311707947403,-0.12548797610892173,1.1317428787549337,0.0013923827927404394,-0.15089071223441855,1.8683557947476706,0.00047960943726745123,-0.15846301480614391,1.9323182861010233,0.0003367583728201377,-0.1603373369292002,1.75779679218928,0.00029697353893425315,-0.16230285236149414,1.8056865811347962,0.00020696024342517678
69,-0.15979313174908003,1.0951371987660725,0.0003897800124832429,-0.11749289189123643,1.5947862148284913,0.00038968365067072833,-0.17194381596750058,1.705964191754659,0.0008331638110879188,-0.13682708961356266,1.1438299616177876,0.0015991602597447733,-0.15948731434273264,1.8817778031031291,0.00043915462544343123,-0.16139440359068616,1.9582392891248068,0.0004348164123560612,-0.15655997466786606,1.78906147480011,0.0009289166453527286,-0.16131140196009186,1.822433090209961,0.0001645838897578263
70,-0.16313529791891254,1.1097603480021159,0.0003564279022005697,-0.10483060591083149,1.6207451581954957,0.0006144686631159857,-0.18168715734869062,1.7277907967567443,0.0008925171656301245,-0.10615621130638761,1.156566286087036,0.001846896690161278,-0.15252974219982537,1.9022354086240132,0.0003415568387329889,-0.16216110131174244,1.9700855414072673,0.0004623396409442648,-0.15616473441746068,1.8080114285151163,0.0007707992326080178,-0.16334631037519978,1.8476086815198263,0.00018792821598860124
71,-0.16137071432134115,1.127140204111735,0.00037395723532730095,-0.12059237772705776,1.6295477390289306,0.0008033309160964564,-0.19034441179173642,1.758606747786204,0.0005780787168381114,-0.12857703326359268,1.1709156552950541,0.0015372412395663559,-0.14454873241493377,1.9194772402445475,0.00044965358392801136,-0.16361957986592823,1.9882871349652609,0.0006019763784327855,-0.1530977988712911,1.8199620842933655,0.000314793695967334,-0.15500222835877178,1.8588984290758768,0.00025426096059770015
72,-0.15085600212324732,1.1466062784194946,0.00038177845174989974,-0.13919351927600107,1.6360323826471965,0.0007062988705001771,-0.14802713240646714,1.7853270689646403,0.0005131934982879708,-0.13217923503994827,1.187988324960073,0.001767813526870062,-0.1361228970747058,1.9362897872924805,0.0003910460965319847,-0.1756967167699132,2.0085869391759235,0.00043985425678935524,-0.15118718625330405,1.8321994145711262,0.00027123828816305227,-0.15723565008334256,1.8812166889508566,0.0002758883017425736
73,-0.14749862018831184,1.1578537106513977,0.0003749264748572993,-0.12412110675677675,1.6468828201293946,0.00039255692245205865,-0.132939361575551,1.790615204970042,0.0006165862665511668,-0.10966704778894411,1.2082394202550253,0.0013566768359548102,-0.15095923518993196,1.9552262902259827,0.0004691622714744881,-0.17415134119665593,2.0281211296717325,0.0005106489057652652,-0.1538962194859074,1.8531560103098552,0.00023397177768250306,-0.15944375320231155,1.9050828099250794,0.00022235380238271317
74,-0.14028707694170567,1.1771910071372986,0.00038769393092176566,-0.11600534270582313,1.6537433783213298,0.0003452196018770337,-0.1511036319663888,1.8063687205314636,0.00047990300226956605,-0.10425559160383033,1.2258851448694865,0.0014364315080456435,-0.1436484378443422,1.967782155672709,0.00047174337620769314,-0.16508823405056294,2.0514902313550314,0.00031184854063515864,-0.14335583206648891,1.865692150592804,0.00036091368820052595,-0.16409372596561025,1.923894997437795,0.00038629357683627553
75,-0.1261023604540313,1.200277598698934,0.0003273138989849637,-0.10857463354695071,1.6761696616808572,0.00031086399782604226,-0.14925862085697392,1.8190936247507732,0.000495175423566252,-0.11239885754313875,1.2211373766263327,0.0014804851613007485,-0.14435681881265003,1.9875380516052246,0.0004272944837187727,-0.1683100692622233,2.069294730822245,0.0003657776998200764,-0.14737083768393608,1.8832935333251952,0.0002877651097757431,-0.15954481079264354,1.9394819339116414,0.0003032678049445773
76,-0.12843419593996105,1.209337623914083,0.00031297249127722654,-0.10331466926905707,1.6921277046203613,0.0004654364801050785,-0.15741793235459262,1.8287495732307435,0.0005708722281269729,-0.10392699247468755,1.2476147810618083,0.0017367951571941377,-0.1447393226941315,2.0000423550605775,0.0002985192021393838,-0.16347309811042124,2.073871199289958,0.00042723018317095314,-0.14330843621309136,1.9038662791252137,0.00043358516462224845,-0.15720739179006887,1.9619417389233906,0.0001781631843186915
77,-0.1346626024747411,1.2198298215866088,0.0003423181551625021,-0.11517457927277057,1.7047713955243429,0.0006765157804087114,-0.16286427506511397,1.850142784913381,0.000540624981901298,-0.11831954301407914,1.2650612314542136,0.0017350701071942845,-0.14592956898252224,2.0181239247322083,0.0002797658695878151,-0.14798614940535654,2.094323015213013,0.000566540351913621,-0.14614982865160497,1.9187921086947124,0.000259688910349117,-0.1557213668614864,1.9799280444780984,0.00022920628083132518
78,-0.13531897695260584,1.232025639216105,0.00030958605736183624,-0.10636823406805525,1.7096805373827617,0.0004428528787684627,-0.15979205780007075,1.8695186535517374,0.0006870055270458882,-0.10461045891388353,1.273318072160085,0.001827431966861089,-0.15139922724098154,2.0349289457003277,0.00028248887586717806,-0.16033301441499367,2.1196059465408323,0.0006235439407949647,-0.14230906609957503,1.9345825076103211,0.00025094483377567184,-0.15371736528222185,1.995086908340454,0.00018129686019771423
79,-0.1368217201300417,1.242919921875,0.00031607895701502763,-0.12856167873334304,1.7205067873001099,0.00032453170424560083,-0.1484996074046385,1.8766769210497538,0.0006480449015119423,-0.11977238656014716,1.2861432830492656,0.0020094115131845075,-0.14011408806616024,2.0458834171295166,0.00033352325117448346,-0.16150011800273606,2.1413755814234414,0.0004770666516075532,-0.15317730932831047,1.9524069825808208,0.0002814826933899894,-0.14626153465923103,2.019588073094686,0.0002230153188672072
80,-0.1364735600772099,1.2600893417994181,0.00031082193891052157,-0.10706853283612619,1.7317063768704732,0.0003841753728920594,-0.15877874493131355,1.899588366349538,0.0010234261717414483,-0.11085216176303385,1.2936133861541748,0.0017846841248683632,-0.15298375611443854,2.062150502204895,0.00041398571241491787,-0.14671773442033517,2.1564446528752645,0.0003642701092758216,-0.14398849133850758,1.9615011890729268,0.00021400478750971768,-0.15123072077170358,2.029578359921773,0.00021412414619893146
81,-0.1441063551881112,1.274002746740977,0.0003328814030586121,-0.12487018854586711,1.7552096962928772,0.00032565313789139814,-0.15545384421637662,1.9179538369178772,0.0007070754014421255,-0.13584954489313342,1.3211574276288351,0.0015321243243912855,-0.14090513682240793,2.0846580346425374,0.0004509223401934529,-0.15959076806808242,2.168446898460388,0.0005680401256540791,-0.13693544459964907,1.9814704736073812,0.00031493990924597406,-0.1544180703278037,2.058652337392171,0.0003042992000700906
82,-0.13404034187610492,1.2863993843396504,0.00036398066537609945,-0.1084937878988878,1.7634780287742615,0.0003942370162500689,-0.1699079113960928,1.9330800255139668,0.0006444998706380526,-0.11969582001916898,1.3262043635050456,0.001608043088344857,-0.149902916177084,2.1003655989964805,0.0003172519044407333,-0.14869730345996907,2.195353118578593,0.0004497405170695856,-0.15359812426400882,2.0046069900194805,0.0005031809627932186,-0.14848343137896672,2.0683645725250246,0.0003243720001288845
83,-0.13297637008105187,1.3068265755971273,0.0003099216094900233,-0.11006508587705656,1.7785114487012228,0.00037200484900192047,-0.15866487073359908,1.9628841439882914,0.0007187807728769258,-0.13297053923200128,1.3312796155611675,0.0018929224480719617,-0.14248917432826522,2.115126935640971,0.00036899535722720127,-0.14991292374723297,2.203297726313273,0.00038070028870909785,-0.14591865740975096,2.0153451522191363,0.00034532061884722984,-0.14581096703065818,2.0931601921717324,0.00031269739120034503
84,-0.13064908254728275,1.319329806168874,0.0003662349365185946,-0.11655521033670078,1.7840101599693299,0.0004070299182785675,-0.15049544367223266,1.9762580474217732,0.0006604455925601845,-0.1845279115288337,1.3378578543663024,0.00210025758909372,-0.14219649302591242,2.1348689476648968,0.0007040134975492643,-0.1415558987913645,2.2293367862701414,0.00032150876504601913,-0.13898924531925808,2.03444584608078,0.0002666776005450326,-0.15967310171270122,2.1047890981038413,0.00021438216887569676
85,-0.1274355570517628,1.33110720316569,0.00042172642424702643,-0.11057068580872145,1.8044617692629497,0.0004153448021194587,-0.15151717853264104,1.9878467679023744,0.0007003840427690496,-0.19556982339606496,1.420090623696645,0.0018960863933898508,-0.14325156149001086,2.1427439292271933,0.0003733567903206373,-0.13993919536302504,2.226145068804423,0.00035365188038364675,-0.14486370208263677,2.048816378911336,0.0003418295668476882,-0.16230270908572653,2.117082413037618,0.0002525299996098814
86,-0.1346326200912194,1.3441890557607015,0.00030960259658362096,-0.11442432231831771,1.8167862137158712,0.00039391050280149404,-0.1393718423546215,2.0067599852879843,0.0005411910795373842,-0.19600132556001515,1.44798233906428,0.0019080263329669834,-0.14917542296361957,2.1709569851557413,0.0004628269341386234,-0.1381675402925809,2.2569312334060667,0.00038598355119271827,-0.14165896367557335,2.067441542943319,0.00034718706738203766,-0.15129712787069816,2.1536105314890546,0.0003488588336040266
87,-0.12130327900564523,1.3574674685796102,0.0003509964900634562,-0.11892235038023143,1.8111529429753621,0.00036785260599572214,-0.14927633965498815,2.0108668049176535,0.0006775883715211725,-0.22457210921700804,1.4473284562428792,0.002236637407137702,-0.1432210527782346,2.1812434832255048,0.00032151689714131256,-0.14645624130746085,2.2682625532150267,0.0003236983053890678,-0.14094342611304936,2.0796588182449343,0.0003481384444360932,-0.14795142544887294,2.1638584693272906,0.0003400523783056997
88,-0.13353646942189976,1.376208209991455,0.0004446207783378971,-0.12404812734947623,1.8362537582715353,0.0004012661665910855,-0.1498589514321337,2.033699464797974,0.0011538513179402798,-0.2312938908181467,1.3840731501579284,0.002436075576891502,-0.14083198530726299,2.1971037069956463,0.00029620630230056124,-0.14625596019483342,2.287944968541463,0.00031535783637082204,-0.15011970049022086,2.0992316802342734,0.00031006963157172623,-0.14234293937020445,2.179680816332499,0.0003868519318833326
89,-0.12733186144814124,1.384339459737142,0.0003169156518803599,-0.12350636893057292,1.8444567322731018,0.0004902727266501946,-0.16505080796376978,2.0498566071192426,0.0006948965815051149,-0.17045827894393697,1.4909400463104248,0.0018538041738793253,-0.1483040294727787,2.2171491463979085,0.0004223943712228599,-0.13869153094853762,2.295764716466268,0.0004413782599537323,-0.14940142701841438,2.1193371295928953,0.00026363757739697273,-0.13762161847695467,2.1972914616266888,0.00021693127734276156
90,-0.13775703970592526,1.3974796891212464,0.00032126528531080113,-0.11990885997621269,1.8645477374394734,0.00043401284201536325,-0.14857948278312483,2.06266352335612,0.0006132875336334109,-0.12969734656450582,1.4518038868904113,0.0017947144224308431,-0.15058453747016315,2.2325910409291585,0.00033135801349999384,-0.14404121964685915,2.3271023273468017,0.0005272761579059685,-0.15151864458408798,2.1356485923131308,0.00034735673155713204,-0.15335400410690406,2.2152455329895018,0.00023168775854477038
91,-0.13355383900609305,1.413934858640035,0.0003006079326344964,-0.11450505330540914,1.880579121907552,0.00038521917983113475,-0.165759570142145,2.079447865486145,0.0009136514621786773,-0.12895202000079883,1.4735771934191386,0.0018963109973507623,-0.1432370988257171,2.238325262069702,0.00025229886668967085,-0.14172831222533308,2.3377755641937257,0.000359985947337312,-0.1383523560986157,2.143525656064351,0.00032419709702177595,-0.1549785705547382,2.22659854888916,0.00026034954401742046
92,-0.13151381001908405,1.4332131425539651,0.0003153787911287509,-0.11990094583267452,1.8842742403348287,0.00042145970704344414,-0.15176565368782052,2.092193110783895,0.0006423491839086636,-0.10650475105862917,1.495421795050303,0.0019640570622868835,-0.13776667717137556,2.2542386134465535,0.00042694449512055145,-0.14164972958960387,2.3455547014872233,0.00027857308062569547,-0.14574533140060922,2.158997392654419,0.00029079801849244785,-0.14541483956539816,2.248174238204956,0.0002584064054341676
93,-0.12332878779929844,1.4430938919385274,0.0003158263672958128,-0.11395528914302204,1.9106298844019571,0.00047055964920825015,-0.15383599470140064,2.112575364112854,0.0005978923135747512,-0.11448697239530223,1.5222676753997804,0.0017991234897635877,-0.1483639047903493,2.278544322649638,0.00028346171166049317,-0.1428129133735186,2.3668911774953205,0.00032363596352903793,-0.14130876068176973,2.1726738691329954,0.00029657887207577003,-0.14680209701442318,2.267439913749695,0.00026482150230246285
94,-0.12203087316076637,1.4634642680486043,0.0003086283138448683,-0.11658179573955332,1.9059627890586852,0.0004886791187648972,-0.15650148121483645,2.1343981901804607,0.000608116418394881,-0.11797814262395798,1.5225231846173604,0.0021199974968718984,-0.14131062688530577,2.2925323724746702,0.0003266054375368791,-0.14229260461657897,2.3731234232584635,0.00035275888706867893,-0.14041918718895438,2.188356884320577,0.0004190491439658217,-0.15082964303829619,2.287626361846924,0.00036550846901567033
95,-0.12046352627482895,1.4655900438626608,0.00027179147485488405,-0.11138872325405537,1.9172060211499533,0.00041962073786028974,-0.15549773169514047,2.142531649271647,0.0007133921850860739,-0.10824004326832054,1.5412049889564514,0.002566691425939401,-0.13729676299527938,2.30443069934845,0.0002972888032672927,-0.14063716388585482,2.404926570256551,0.0002831380072166212,-0.14199990257517975,2.204927404721578,0.00044333789895366257,-0.15344372966037073,2.3033443530400595,0.00037369792407844217
96,-0.11997898264138056,1.4823166728019714,0.00025903049875826883,-0.10656146078819506,1.9414173324902853,0.000524921373774608,-0.15683310164468758,2.1647317091623943,0.000713732994821233,-0.11064559779902225,1.5591099937756856,0.00201381038253506,-0.14017016616823802,2.3282655080159507,0.0005113293455603223,-0.14404431850627278,2.4114462455113728,0.000283012379562327,-0.1421165826521241,2.2198777993520102,0.0003517036229216804,-0.1421599948533589,2.3221890211105345,0.00024128292376796406
97,-0.14190753853535626,1.4925187706947327,0.00036145808359530445,-0.11358901265240766,1.9667640884717306,0.00043351944671788566,-0.1574668625846795,2.1686477104822797,0.0006545292000131061,-0.11796204457464479,1.5656995097796123,0.002006406531048318,-0.13938511837044004,2.332873225212097,0.0004239932439910869,-0.13974535506241131,2.4399136861165363,0.00032830211421241984,-0.13880380182879212,2.2368425210316976,0.00027069926145486536,-0.13741336783711638,2.3346758206685383,0.00024150385385534416
98,-0.12995427630300008,1.508056092262268,0.00030006661739510795,-0.11622752167219229,1.9628606994946798,0.000433281110599637,-0.16145662918772044,2.19155867099762,0.0006510626660504689,-0.11272973995339886,1.5789011041323344,0.0022220241410347325,-0.145067478370588,2.35704554716746,0.0003545620168248812,-0.13120660518677282,2.451231257120768,0.00045325722167035567,-0.1286877538419002,2.255890623728434,0.00023893854716637483,-0.1390924177711838,2.353631329536438,0.00027208181757790346
99,-0.14074744720122548,1.5203713496526083,0.0003194599223206751,-0.10552420582825889,1.9787137190500894,0.000815527851227671,-0.1614433919612001,2.2028799851735434,0.0006816463447952022,-0.1279475993900305,1.5835978984832764,0.0022256878127033513,-0.1426019580309004,2.375446144739787,0.00040673119413744036,-0.13760439664504046,2.463899040222168,0.0005712767621541085,-0.1347864741158846,2.2729271094004315,0.00030544103889648493,-0.14188640964305427,2.3683820645014446,0.00041648134065326304
100,-0.13074839900641827,1.5305538694063823,0.0003887712591676973,-0.11983112630800956,1.9884475191434225,0.0005064083971471216,-0.16752683797678997,2.2266268014907835,0.0007096226133095721,-0.1726438169077968,1.5291850527127584,0.0020322161687848467,-0.147149525663618,2.395145805676778,0.0004956664129470785,-0.14131535704554443,2.4785396178563435,0.00036736685627450545,-0.1304521872932731,2.2923875570297243,0.0004870771309166836,-0.1379995182525727,2.3811489661534626,0.0007104679786910614
101,-0.13222543889399108,1.5513388077418009,0.0002881925325103415,-0.12697674880256468,2.0157304962476092,0.0006663256567359592,-0.14702867659556496,2.2507977724075316,0.0006802412574567521,-0.17100156771306477,1.6533567865689596,0.0025113816023804247,-0.14511791600317628,2.4052803834279377,0.0003916054265573621,-0.1355532387428848,2.502363403638204,0.00044707243941957133,-0.13506513776103013,2.303329650561015,0.0004013973530769969,-0.13830734547994786,2.397425675392151,0.00045145162196907527
102,-0.1271663656952545,1.5663037737210592,0.00033492591852943103,-0.11664916626779366,2.0276051998138427,0.0005732421899059167,-0.14985118007850462,2.262791140874227,0.0007068225628851602,-0.16127376358842357,1.6781715194384257,0.0021778268351530035,-0.13980088505023708,2.423083464304606,0.00030472891958197577,-0.1435292536856206,2.5059393723805745,0.0003507833394299572,-0.12362754520677983,2.3211639483769733,0.0004459859890630469,-0.14026909978023058,2.419390408198039,0.00046009819488972424
103,-0.11909848171017332,1.5768309275309245,0.0005594820114007841,-0.10438102579363417,2.044729495048523,0.0005398450506618246,-0.15041517789674333,2.276809398333232,0.0006961453560506925,-0.14839409834944442,1.7062191843986512,0.002485703203516702,-0.1357749792227129,2.4318761507670086,0.00038909137898978464,-0.14389355778868057,2.5227793057759604,0.000397773592461211,-0.13052383693254363,2.337747565905253,0.00030661636798564966,-0.14044963070110647,2.4352028369903564,0.0002560400108147102
104,-0.13309728593499184,1.5865969022115072,0.0004269273743072214,-0.12385993413329956,2.052989673614502,0.00043697920142828176,-0.15316384324689486,2.286820157368978,0.0007954189020286625,-0.13854949138706862,1.7249505956967672,0.0021735578620185455,-0.12932835496300796,2.4542391618092854,0.0004449597293084177,-0.1499981781624079,2.5476030906041465,0.0004045967701434468,-0.13269911374022986,2.3397817611694336,0.0002902963145364386,-0.13136168984755506,2.446425453821818,0.0003256899130064994
105,-0.12908568915684626,1.6052424947420756,0.0004465207501198165,-0.11220862375821378,2.0511669953664144,0.0004942078405292705,-0.15397542303369852,2.308844288190206,0.0008055929346786191,-0.12881256571095953,1.6986485560735067,0.001994438333592067,-0.1364556006043451,2.4629110654195148,0.0004299903293334258,-0.14725835762900832,2.5613953351974486,0.0003636566694088591,-0.1330463501842814,2.363996696472168,0.00030407757876673715,-0.14209728272967712,2.465829118092855,0.0002994485238256554
106,-0.12158821831109887,1.6136683742205302,0.00034985252908275775,-0.11888120441764587,2.0649457136789957,0.0006341477875442554,-0.1568269762356422,2.3145962317784625,0.0007575944725734492,-0.1282194506176317,1.7196486155192057,0.0019800268579274415,-0.13502317366940317,2.482942748069763,0.0003298547885303075,-0.14312452741230886,2.5619763930638633,0.0003595107336877845,-0.1413650461478328,2.377704127629598,0.00034829146267535785,-0.14218184639218007,2.477395470937093,0.00031370178282183285
107,-0.12490740413315554,1.6221892317136128,0.0002887024762458168,-0.12488129138071494,2.075515961647034,0.0006560027900074298,-0.1596926627377257,2.3396485884984335,0.0008268412425726031,-0.11888026911332834,1.7125111103057862,0.0019525257560114066,-0.129164695418133,2.485207192103068,0.00032098293401456126,-0.1380087652507544,2.577944016456604,0.00033446132535270103,-0.1283780236513594,2.384984540939331,0.0003424686146900058,-0.13983696146489458,2.497813042004903,0.0003437660469595964
108,-0.11863879934779759,1.6382386724154154,0.00035650789068313314,-0.11278510094202533,2.1002049446105957,0.001091846554966954,-0.15219147406621397,2.347981357574463,0.0009604064650678386,-0.12221462539871288,1.7372958103815714,0.002240798665055384,-0.1367819819252823,2.511420154571533,0.00040715334568327914,-0.1434202364280238,2.600421404838562,0.00030748995341127737,-0.13003107606523034,2.4044628938039145,0.0006096072276704945,-0.13784040758287672,2.512225039800008,0.0004164947672203804
109,-0.12592627042167517,1.6453892787297566,0.0005157370421026523,-0.11107609195627047,2.111380370457967,0.0012498562457039953,-0.15216842307949596,2.365941874186198,0.0011274238505090276,-0.12147131652714917,1.753055743376414,0.002281351643614471,-0.133290305013865,2.523727035522461,0.0004090802123149236,-0.14627829334598572,2.6138143142064414,0.0003879161435179412,-0.12742227929768302,2.42042453289032,0.00027724293371041614,-0.13429840029920578,2.5264434019724527,0.00031084913741021106
110,-0.12215323145867026,1.6648099740346274,0.0005251784469389047,-0.12858614130152218,2.1247150897979736,0.0007664299831958487,-0.1604245275423703,2.384276588757833,0.0008707527614509066,-0.1135698317679732,1.7677628477414449,0.002648905629757792,-0.13992576205111792,2.541203331947327,0.00040546459592102717,-0.13640918428915058,2.6421617825826007,0.00033037792260680966,-0.13691505398339734,2.437598164876302,0.0003032189187554953,-0.1332316301454238,2.540056244532267,0.0003772969600201274
111,-0.11034416711509562,1.6722050905227661,0.00030430800155348454,-0.09945770021680353,2.1250711758931478,0.0005997381483515104,-0.14967543515849716,2.395005774497986,0.000904252496547997,-0.1195824893066244,1.7802007675170899,0.003258569717096786,-0.13756897736151283,2.5432390769322715,0.0003738355551225444,-0.14288156424810813,2.6507932345072427,0.0004951026474979396,-0.13112208471538872,2.435945574442546,0.0002634611237832966,-0.14188879413654173,2.5492693026860556,0.0005518256812744464
112,-0.12199133104790524,1.6807621161142985,0.00031814237978930275,-0.11649667444268336,2.1385671933492025,0.0007917272576984639,-0.16280836223502063,2.394274616241455,0.0007791706341474006,-0.11289669044010023,1.787120815118154,0.002410065068397671,-0.13753658536422858,2.5661524136861167,0.0007035154519447436,-0.1413485896011782,2.657106892267863,0.0005782575331977569,-0.14182888139827451,2.4571337938308715,0.0004215342254610732,-0.13517303620277532,2.5778284072875977,0.0003853182565459671
113,-0.11718009810410877,1.693952989578247,0.00027804706138946736,-0.10617581910003895,2.1598564942677814,0.0006005052903977534,-0.1790723975525462,2.425201749801636,0.001021488536692535,-0.13250796846190666,1.806480105717977,0.002502486303759118,-0.13397501220828803,2.588897442817688,0.0003358475466181214,-0.14053592711738808,2.684577782948812,0.0007362599882374828,-0.140879803459074,2.4718619028727216,0.0006422354107295784,-0.13662699959812133,2.597981063524882,0.00029317893252785626
114,-0.12315927508669257,1.7137405753135682,0.0006852316961158067,-0.11934383015145521,2.170918424924215,0.0007342075182047362,-0.16031477337013975,2.4416654745737714,0.0010259170667268336,-0.12309146127739533,1.8085035363833109,0.00253290218145897,-0.13524088324891306,2.590510296821594,0.0003571844926530806,-0.14738229799597719,2.688690177599589,0.0003829756800162916,-0.14181349468610846,2.488866345087687,0.0003083761529220889,-0.14481388464258044,2.6027114470799764,0.0003477576727163978
115,-0.12023844986572198,1.7213838537534079,0.0005154453256788354,-0.10449702613689064,2.1758782625198365,0.0005949793092440813,-0.16017475238332182,2.461125922203064,0.000869233850001668,-0.13249807031255895,1.8307384769121806,0.0023995891756688555,-0.13621636098772905,2.604751443862915,0.00033626909280428665,-0.1323354239911464,2.700430949529012,0.0003624477346117298,-0.12463074194483238,2.503337574005127,0.00026879784903333835,-0.13432040566299186,2.620914085706075,0.0004791798074923766
116,-0.12323987095003654,1.7209707498550415,0.0002796774249873124,-0.1109751426471579,2.186365906397502,0.00047409189767980326,-0.1591245552119519,2.4691913525263467,0.0011171281395945698,-0.12562457076798436,1.8293332894643148,0.002413217630237341,-0.1336852342733764,2.630684987703959,0.00036590368884693213,-0.13338005747165518,2.7216476519902546,0.0003337716014357284,-0.1291684304447183,2.526212040583293,0.00030216271261451766,-0.12775278995307032,2.632635243733724,0.000424516268443161
117,-0.12608698447141006,1.7412682215372721,0.0003198586777822735,-0.1112173622671407,2.19882652759552,0.0005614288141562914,-0.1540740247865964,2.4922272682189943,0.0011754334671422839,-0.14105415833719714,1.856653912862142,0.002522710900908957,-0.13554990589503127,2.6364118337631224,0.0005361923273691597,-0.1312502592955864,2.7407466570536294,0.0003147903684293851,-0.1290627249130599,2.531014625231425,0.00035899783106287944,-0.13902578447600003,2.6595613161722818,0.00042007750016637146
118,-0.13968131387013816,1.7564352989196776,0.00030336881027324123,-0.10630834112102991,2.2253563006718955,0.0005401577334851026,-0.1594326284026941,2.5080044428507486,0.0009192191530019045,-0.13190824888536007,1.8733689308166503,0.002620716004942854,-0.1399874080476603,2.6458596150080362,0.00046366452782725296,-0.130006808467313,2.746503798166911,0.00026712720330882196,-0.1253699106031714,2.5498123168945312,0.00032994114105046416,-0.130801885006323,2.6680572986602784,0.00039720569329801945
119,-0.1358850356427777,1.765149470170339,0.0004084284252409513,-0.10089774431464642,2.222714153925578,0.000689457036787644,-0.14138583183009576,2.526564439137777,0.0009783560836998126,-0.16095888394770624,1.885916785399119,0.0025904147730519372,-0.13716141224056155,2.6626733700434366,0.00037401050600844124,-0.14172476674180776,2.759121537208557,0.0003310754870957074,-0.13737974190392285,2.55648558139801,0.0004297764365522501,-0.128821698050896,2.676327848434448,0.0003157043165022818
120,-0.13454447870589006,1.7857320110003154,0.00048350473419607926,-0.11552836824618958,2.227348240216573,0.0006114423430214326,-0.1505152144314127,2.535814118385315,0.0008945641990673417,-0.23684298672288903,1.8600614190101623,0.00285413747963806,-0.133052839089682,2.6826840162277223,0.00034655949372487763,-0.13283217639322964,2.781609320640564,0.00036266245782220113,-0.12493887493627434,2.573305940628052,0.0004099985419694955,-0.1301481634022333,2.688007640838623,0.0003069677089418595
121,-0.13153880758314912,1.8002116839090982,0.0006461544331007947,-0.10684000950374725,2.257655906677246,0.0006118423819619542,-0.1495539127502381,2.5468199650446572,0.0009451215097215027,-0.29470681516667063,1.9466567834218342,0.0028844647652780018,-0.13760812575950784,2.6975417057673137,0.0003693126500972236,-0.14127941749570797,2.7748067299524943,0.00036837023799307644,-0.14054013971341323,2.580264131228129,0.00027573188417591156,-0.1241109394584713,2.705283268292745,0.0005050095918704755
122,-0.13051635049501428,1.810959021250407,0.00042768280448702477,-0.10170319734047742,2.2540315707524616,0.0004924829709731664,-0.1465639015776636,2.564404352506002,0.0010346919181756676,-0.24460565385374977,2.014383379618327,0.002609111760587742,-0.1375733435926597,2.7040585199991862,0.0003349627814410875,-0.12977849233329825,2.805702050526937,0.0003134522431840499,-0.1330377877066943,2.5941766341527304,0.0004054419138507607,-0.12445142599091945,2.720753884315491,0.00043630597744292267
123,-0.12678374637128595,1.8206808288892111,0.00030570206048044686,-0.10859206641758898,2.278633451461792,0.0005549770440363015,-0.15652016777839,2.572534743944804,0.0008871047573241716,-0.15313682496211936,1.9804754416147867,0.0029293147070954244,-0.13400254915838014,2.72665220896403,0.0003160003776429221,-0.13053045709431024,2.8285565853118895,0.0004940100217936561,-0.13336505373685656,2.625225861867269,0.0003742800540445993,-0.13311728134948952,2.736415449778239,0.00048702221780937783
124,-0.1304301385022531,1.8230464657147725,0.00032532163604628297,-0.1047160221594739,2.2797679821650187,0.0008180929658313592,-0.15495061909406624,2.5981501499811808,0.0008471987928108623,-0.15558068272823772,1.9844683289527894,0.0025318610675943392,-0.13470223807772744,2.7347319602966307,0.0004212337987458644,-0.12590022779668114,2.830521567662557,0.0005803122175469373,-0.1305632662080835,2.6351577917734783,0.00037210799685756985,-0.12746316591639908,2.74731559753418,0.0004000375668207804
125,-0.1254687401867765,1.8409853100776672,0.00036592550750356165,-0.10355485234817477,2.293194810549418,0.0007885129811863105,-0.15417583222365358,2.6169203440348308,0.0010113168857060373,-0.14753953841773731,1.9984752496083578,0.0022797564083399872,-0.1347571557630113,2.7478113571802774,0.0005011813846067525,-0.12312115267830134,2.8508644898732505,0.0003799119062023237,-0.1274628208432152,2.651847743988037,0.0003344758146946939,-0.12724321034133715,2.768664598464966,0.0003276192044722848
126,-0.13256587599531341,1.853135347366333,0.0004023756909494599,-0.09903552962382345,2.3027379433314006,0.0007715849234955386,-0.1459300187519058,2.6272116740544638,0.0011366348015144467,-0.13892301699437207,2.0177193840344745,0.002098084435177346,-0.13359468606419833,2.765479334195455,0.00037368666380643845,-0.12434588661956056,2.852278709411621,0.0003382080724501672,-0.13219716089560687,2.6533802429835003,0.00036526214292583364,-0.12965481416284116,2.7859345436096192,0.0003738240857880252
127,-0.12909246280791745,1.863030242919922,0.00036659085211188845,-0.1011896018134762,2.3099029938379925,0.0006068693561246619,-0.13755322802500844,2.632487408320109,0.0010472606537708393,-0.12232304971973493,2.01175989707311,0.0023155797854997216,-0.12244083104254619,2.7760597308476767,0.00043545232232039175,-0.1185520946220354,2.8697022994359336,0.0004008599751008054,-0.12636748878161302,2.662937863667806,0.0007908713872893713,-0.12931016419935,2.7942197720209756,0.0003383967477323798
128,-0.1323303134852691,1.8794267058372498,0.00034413813846185804,-0.10478554300603202,2.3388187249501544,0.0006809950340539217,-0.1422419068236477,2.6544334650039674,0.0010178787730789434,-0.10960106277228378,2.030782381693522,0.0024330120766535403,-0.12249232264192395,2.792562143007914,0.0004690764622258333,-0.12829635235518697,2.8876267751057942,0.00036495835277795173,-0.13096016899543397,2.691619809468587,0.0005744041064948154,-0.12619978394747994,2.8076444307963055,0.00040246225204706814
129,-0.1291667224201924,1.8871617674827577,0.0003167091228533536,-0.10655967115365501,2.330290150642395,0.00063950029531649,-0.1407482841897587,2.6679510275522866,0.0010008182473635922,-0.1248478457340227,2.0723068873087565,0.0024638364712397257,-0.122653189495514,2.8047202110290526,0.0004447097220690921,-0.12769533704070127,2.8962754726409914,0.0003969976513568933,-0.13680068584241234,2.696923303604126,0.0003492267453111708,-0.1309868043582925,2.8240379730860394,0.0005127688894087138
130,-0.12732149555673317,1.903209646542867,0.0003415216924622655,-0.08975321882371887,2.3527161757151287,0.0009025976808819299,-0.14464128105848142,2.6768030961354574,0.0012717458147866031,-0.10972814599103506,2.060406227906545,0.0024078942912941176,-0.13245229924453186,2.808490443229675,0.0003997578208024303,-0.12269878204451329,2.922018051147461,0.0006619868276175111,-0.13229061691141503,2.717089827855428,0.0003037670481717214,-0.13548710403574898,2.8394893646240233,0.0004177289326131965
131,-0.1295958864411804,1.909976025422414,0.0008947856743664792,-0.10058004016720228,2.3619074900945027,0.0005920341257782032,-0.1491445325226866,2.686186997095744,0.0010236183491845925,-0.11547455705891572,2.096690821647644,0.0024708668468520047,-0.12884649778153712,2.8332117398579917,0.00039318234582121173,-0.1306934461254746,2.9254975875218707,0.0004417907795868814,-0.12237811305998396,2.7275357484817504,0.0003753386986015054,-0.13719866091503638,2.8534613609313966,0.00043299526053791246
132,-0.13507848386539795,1.9375147978464762,0.0005173568162717857,-0.10373674741630813,2.362317355473836,0.0005044063689031949,-0.1445110482996845,2.711900234222412,0.0012262556294444949,-0.11412712251297141,2.078113389015198,0.003512007587899764,-0.12827376512823097,2.844239767392476,0.0004607057616037006,-0.13181961863932418,2.9286067485809326,0.0004964336093204717,-0.12589864418901817,2.752000029881795,0.00035415032325545324,-0.12848076669827993,2.8709075371424357,0.0003293425776064396
133,-0.13314584848172686,1.9380584120750428,0.00042684636476527277,-0.10824500630001115,2.3785638650258383,0.0008118446217849851,-0.14712463699849654,2.728659971555074,0.001245743598944197,-0.12807780385619025,2.106202948093414,0.0027883694274351,-0.12311157212969298,2.8542015393575033,0.00042791263161537547,-0.12565335601863756,2.9414292573928833,0.00046099961618892846,-0.13101851110797094,2.7496972401936848,0.00042462293592204027,-0.13672237787565056,2.8882991870244346,0.0003048785962164402
134,-0.14259675522008658,1.9617499629656474,0.0004278601089026779,-0.09820132680372669,2.4008326371510824,0.000738010432299537,-0.14385702625046753,2.727538069089254,0.001019201889478912,-0.13476765565739315,2.098044188817342,0.0028102372617771227,-0.1282284446502169,2.8693116029103596,0.000725889343690748,-0.12548235496564253,2.9474243958791098,0.00046736746929430714,-0.13427851352750883,2.7660457690556846,0.0005007238253407801,-0.1309535855604852,2.8908750693003338,0.0004394492876599543
135,-0.13179890931270902,1.972546927134196,0.000504020655353088,-0.11465920143397171,2.376638921101888,0.0005847685718132804,-0.146468987368311,2.7509371042251587,0.001067522381587575,-0.1158911795776693,2.12038246790568,0.0027102503033044436,-0.13334814752340157,2.8772281805674234,0.0004477571036356191,-0.1222973444803685,2.974425522486369,0.00035160836850991475,-0.12457537814576197,2.7834837834040322,0.00035952792580549916,-0.12941264429771313,2.9119871218999225,0.0003440269855976415
136,-0.12065363621739154,1.982479719320933,0.00034871403865205743,-0.10862132569821951,2.4041391293207806,0.0007860246657704314,-0.1387888568221459,2.761022710800171,0.0010325992344102511,-0.11047762671710377,2.1472184896469115,0.002639471145812422,-0.12414123161593267,2.9011667728424073,0.00034507365441337846,-0.1276251672021365,2.989937416712443,0.0003731585001029695,-0.12432886751702057,2.8043455600738527,0.0003394820290850475,-0.12809830706079275,2.91944789091746,0.0005857152083384183
137,-0.12379781318103864,1.9977834502855936,0.0005238147792018329,-0.1012594219975108,2.416017683347066,0.000790202595332327,-0.1442718284599446,2.782322382926941,0.0010156823904253543,-0.10885734550066202,2.1512409925460814,0.0033573165031460426,-0.1254865350393429,2.9027793725331623,0.0004420741126523353,-0.12397713532083385,2.9995375951131185,0.0006281884687875087,-0.12059440144512544,2.796424055099487,0.00024811757806067665,-0.12644199419267899,2.9261396169662475,0.0005013146592924993
138,-0.12646027253105194,1.9992608825365703,0.0003585046390071511,-0.10499267062109247,2.437301762898763,0.0007139396446291357,-0.15697945948049982,2.792820207277934,0.0011590487769960116,-0.12117937490285226,2.1674732605616254,0.0026728281285613776,-0.13358211132001804,2.9197378158569336,0.0009601940643430377,-0.1313356991821151,3.010398006439209,0.0005011299173929729,-0.12609257211958938,2.8109827041625977,0.000332198767864611,-0.12970054700152708,2.961273423830668,0.00047575886419508605
139,-0.1317607845130749,2.024810290336609,0.0003704348564497195,-0.10163162805966358,2.447725709279378,0.0006825732416473329,-0.14417850620889733,2.811129609743754,0.001262038810333858,-0.10935371029221823,2.16965008576711,0.0030609992720807594,-0.13289042085367633,2.9266078948974608,0.0009127490794829403,-0.13101969544532227,3.02553764184316,0.00037879357405472546,-0.12465441924963022,2.8315004825592043,0.0003486778043831388,-0.12958573114538277,2.959678840637207,0.0007758550927974284
140,-0.1347295376734275,2.0211445331573485,0.0003674514528635579,-0.10645612795689643,2.4508193572362265,0.0006684645428322256,-0.14861947329879546,2.82148962020874,0.0009937440161593258,-0.11677840095148473,2.1886788924535114,0.002878635784145445,-0.1355962478587439,2.9533296823501587,0.00043396573940602444,-0.1246685328416862,3.04375422000885,0.0004617657803464681,-0.12088117568783933,2.838660995165507,0.0003418157823034562,-0.1330620004734745,2.979721760749817,0.00035985769209219144
141,-0.13006504801334637,2.037998632589976,0.000495102972490713,-0.10189759422042309,2.455995766321818,0.0007889621386614939,-0.1499566976917934,2.831724484761556,0.0013793720204072694,-0.12464890064729318,2.2035624265670775,0.003011553055451562,-0.13066291644284847,2.9579314390818277,0.0003941256795466567,-0.12993705723588575,3.0530308643976847,0.0005030439924060677,-0.12859688417390147,2.854564356803894,0.0007750178046990186,-0.13106084799254478,2.98989999294281,0.0004939708630748404
142,-0.12849957284363694,2.0589255332946776,0.00041446992642401405,-0.10679866296694367,2.4633288383483887,0.0005526527519881104,-0.14579155657831439,2.8435136795043947,0.001041439885739237,-0.12385433038298205,2.2147812207539874,0.002993593194211523,-0.12793132455416342,2.9534567832946776,0.00039963761664694173,-0.123139260249543,3.059029809633891,0.0005808055866509676,-0.12557576399965276,2.8761971235275268,0.0003566942153459725,-0.125842359924074,3.0030088901519774,0.00040827868069754915
143,-0.14090854187310026,2.0653639793395997,0.0005029074876802042,-0.10512988799796118,2.5055652459462485,0.0008226956473663449,-0.14173069609836153,2.858681321144104,0.0010341911751311273,-0.12668598881957707,2.219010329246521,0.002698920255837341,-0.13216715443512084,2.9799339612325033,0.00036659046115043264,-0.13008698035324923,3.07629234790802,0.0007356651515389482,-0.11883286375561508,2.884268045425415,0.0003899579324449102,-0.13297691428609162,3.0170076211293537,0.0003390963058336638
144,-0.13486135744750907,2.076846186319987,0.0005045460265440245,-0.09767623077329111,2.486318333943685,0.0007859402957061927,-0.1394669855925527,2.869415553410848,0.001051237181915591,-0.1631441625946653,2.2156435807545978,0.0031290151838523645,-0.1239788083731881,2.997969071070353,0.0004665676950632284,-0.123407696008897,3.0869043350219725,0.0005416888889158145,-0.1301274750915719,2.880963746706645,0.0002824585909062686,-0.12964449553268675,3.0360287984212238,0.0005373684747610241
145,-0.13646767644289926,2.0917436838150025,0.0005098982248455286,-0.11048408463813843,2.500062441825867,0.0008243193820817396,-0.1425737331974925,2.890719413757324,0.0014946600422263145,-0.2513044687221102,2.2804516077041628,0.0034519776158655683,-0.12906611074107807,3.012406317392985,0.00037974024016875776,-0.13180609801969184,3.102562999725342,0.0004470004835942139,-0.12984607311245713,2.9051331679026284,0.00032830194977577775,-0.1368847659645864,3.0436540842056274,0.0004068298168325176
146,-0.13761536568615093,2.1082674503326415,0.0005344215625276168,-0.108941061670885,2.5052966117858886,0.0007333426813905438,-0.14465466188546697,2.8975306113560992,0.0009136744949501008,-0.31746060611996374,2.31461664835612,0.0032828329325032732,-0.12332807691770545,3.018094714482625,0.000557689496781677,-0.12718267930912372,3.113738512992859,0.0004743196429141487,-0.11879641311879355,2.9262580076853433,0.00024815846894246836,-0.13012180274705243,3.0526272853215537,0.000364450880442746
147,-0.14097584145985056,2.113598585128784,0.0006151633618477111,-0.11614286620774315,2.5400633096694945,0.0006984929806397607,-0.14171834720275486,2.9009433031082152,0.0010376812249887734,-0.2951683956980888,2.4430392265319822,0.0031659004356091223,-0.1247483826049178,3.0408276319503784,0.0004949905346923818,-0.12941310953166943,3.132021903991699,0.0006504614459117875,-0.1275665395076398,2.9358463525772094,0.00031180010021974645,-0.12694238408578934,3.0777998765309653,0.0004485691024456173
148,-0.15152344232372608,2.1192994197209676,0.000508098947466351,-0.12294297554957913,2.5450655221939087,0.0008003254052406798,-0.14054435862409814,2.9291937351226807,0.001054792465098823,-0.29096459920746104,2.41656068166097,0.0035790075936044255,-0.1140863934590878,3.043964147567749,0.00046321975629931935,-0.1346440827855308,3.143407416343689,0.0007245238986797631,-0.12252160926975414,2.9453583717346192,0.0006083613193671529,-0.13095265561051858,3.0820475101470945,0.00047828782505045334
149,-0.14384595739232703,2.1434241771697997,0.0005375252939605464,-0.10419656755914855,2.5370365540186564,0.0009619443473638967,-0.14666308762206143,2.9467153469721477,0.0011182705056853592,-0.32915295091952257,2.390870547294617,0.0029431499657221138,-0.122531247817155,3.051113406817118,0.0005600509573317443,-0.13488612671108954,3.1532333771387737,0.00042711637312701595,-0.13421033496194804,2.962063185373942,0.00044747338397428394,-0.12924610659033314,3.097146487236023,0.0006681173865217716
150,-0.14398047630637614,2.147853144009908,0.00047731776139698924,-0.1162600014150897,2.5541453838348387,0.0008229004529615243,-0.14000417066774626,2.9476078748703003,0.0009685099823400379,-0.28632850738061555,2.468566354115804,0.0024723406493042904,-0.12294175170200172,3.071694755554199,0.0004912276315735653,-0.12683630644230479,3.154905160268148,0.00046597301843576133,-0.12461755922926986,2.9715559005737306,0.000283818087579372,-0.13009912259381176,3.1069687445958456,0.0007542890962213278
151,-0.13379346431758737,2.1609166622161866,0.0004813856823602691,-0.1164592735908469,2.581840912501017,0.0007923385283599298,-0.14128183483685358,2.9583595514297487,0.0009367410986063381,-0.21506824528350174,2.501000666618347,0.00245941859902814,-0.1199512041681803,3.072328797976176,0.0005577260347005601,-0.12207725970740727,3.1844138463338214,0.0006087646703235805,-0.1274607801433448,2.987757857640584,0.00031535965269237446,-0.13144111630784178,3.120618295669556,0.0006739829822132985
152,-0.13141579714918292,2.17264088789622,0.0005250669550150633,-0.11630232260112812,2.575854118665059,0.0005626580542108665,-0.1328852835589108,2.980959916114807,0.0010277748398948461,-0.1399089466400345,2.4500043551127115,0.003462025651242584,-0.12513567490493735,3.0959529876708984,0.0005283019219253523,-0.1523614736902986,3.1891374429066977,0.0008751792716793716,-0.11840025281768153,2.9953354676564534,0.0004031915862772924,-0.1297232115078378,3.1425816138585407,0.0005919647383658837
153,-0.13602314633822346,2.194574554761251,0.0005743897549109533,-0.11105238485839325,2.590061616897583,0.0006492575116377945,-0.14291112626913666,2.9938079198201497,0.0012975044296278308,-0.12359519307815575,2.45695325533549,0.0027707458667767543,-0.12449853292407483,3.1034414132436114,0.000545541772347254,-0.13394474623059763,3.2033661206563315,0.0005403019061001638,-0.12204857575778,3.0157650391260784,0.00040647328714840116,-0.13107649278081543,3.1591094891230265,0.000475772328597183
154,-0.1276029296700177,2.2004980723063152,0.0005731034102306391,-0.09820114412839077,2.6118513425191243,0.000535820739363165,-0.14808844330647272,2.9987770001093548,0.0011466166450797269,-0.12354671957275265,2.4679334004720053,0.0023029149665186803,-0.12201267381525778,3.120572400093079,0.0005237219389528036,-0.12786150980209868,3.209212303161621,0.0004309335005624841,-0.1310637716120659,3.0080610593159993,0.0007676942603817831,-0.1369210078712567,3.1686097780863443,0.00038790113758295773
155,-0.12044608780442083,2.22098171710968,0.0005101415998069569,-0.10239123608899922,2.6107747316360475,0.0007352094651044657,-0.14828439023567447,3.016409333546956,0.001133862307566839,-0.1371708373956764,2.4662763436635333,0.002367938352593531,-0.12499080845697888,3.1335892915725707,0.0008862266831177597,-0.13353662474252384,3.2246390104293825,0.0005099137856935461,-0.1310588301221037,3.0367784897486367,0.0003368755851018553,-0.1276447234154918,3.185359541575114,0.0005744592742606377
156,-0.1176801597173212,2.2271585941314695,0.0005970004781071718,-0.0971483189378503,2.6158712546030682,0.000831211544573307,-0.14800256188856128,3.0254518032073974,0.0014182685660974433,-0.13177499900522988,2.482862035433451,0.00261095817744111,-0.10983946242495699,3.143279957771301,0.000572070925651739,-0.12985589073261072,3.2357703765233357,0.0007046970073133707,-0.12066430769585083,3.0511715014775596,0.00032988862076308576,-0.12902308312382735,3.1912845214207968,0.0005193251985474489
157,-0.12035481365904245,2.230938458442688,0.0007435118401190266,-0.10047114442094554,2.6336501916249593,0.0010242656727011005,-0.1443360027133092,3.0441654125849404,0.001295440966108193,-0.12361843612443123,2.507782300313314,0.00244757008816426,-0.12259351599523156,3.1509364366531374,0.0004008052385567377,-0.13064927116409647,3.2502525726954143,0.0006041981493278096,-0.13018808666531406,3.0541421095530192,0.00032797611735683557,-0.1417402372216487,3.208770163853963,0.0005885932652745396
158,-0.12003983874128456,2.248387662569682,0.00046096856434208654,-0.09917526968681047,2.6268614610036214,0.0007363003329373896,-0.14825740196642415,3.0534412622451783,0.0011954006874778619,-0.11146452436161645,2.514384722709656,0.002705726830754429,-0.11733721839949017,3.186177062988281,0.000715204791049473,-0.13122319601375312,3.249134357770284,0.0005868484877282754,-0.12669646739796764,3.0761173327763873,0.0003565157700601655,-0.13916135005373745,3.2145087162653607,0.0006853895538370125
159,-0.12295906012600102,2.2621721506118773,0.000566506726318039,-0.0985822151210295,2.648979338010152,0.0007049947094249849,-0.1540721482997287,3.06646200021108,0.00118559300317429,-0.12388486153230621,2.5143177350362143,0.0028913219769795737,-0.1257230735047106,3.1797615766525267,0.0004218461933002497,-0.1250082755757505,3.2666965166727704,0.0006524622071689616,-0.12010147085078698,3.083704924583435,0.0003244015121405634,-0.12804350301529005,3.2240835507710774,0.0004416598239913583
160,-0.12751823925276154,2.2665077845255532,0.0005261693256519114,-0.10279425981236509,2.6444289763768514,0.0006482290918938816,-0.14493475813901432,3.085247015953064,0.0012037230015266686,-0.11089825276573285,2.5413414080937704,0.0026848567184060814,-0.12037541400177722,3.1881686051686606,0.0004939192711996536,-0.1250345023852661,3.3043660163879394,0.0004619416130784278,-0.12457366260776165,3.0911664168039956,0.0004586648938129656,-0.13605082176996927,3.2358064810434977,0.0005549788727269819
161,-0.13221192839683232,2.2762007236480715,0.0005216132762143388,-0.10191269062245926,2.664357805252075,0.0006103933458992591,-0.1474710687505564,3.1040731350580852,0.0012966792778267215,-0.11392827765669719,2.546906073888143,0.00278513723363479,-0.12014496007993618,3.200988189379374,0.0005018023017328233,-0.13105024299703236,3.290189186731974,0.0006161204597447068,-0.12016893858039009,3.1131160259246826,0.0006019833851799679,-0.13822142088831854,3.264363996187846,0.0005701916583348065
162,-0.13086249672486935,2.2827627738316854,0.0007366350066149608,-0.10596801584316823,2.6772472222646075,0.0006363717810017988,-0.14975444224790765,3.115084997812907,0.0010894241412946334,-0.10568772955012505,2.5370733817418416,0.0026260362744020918,-0.12001350889005094,3.2076224803924562,0.0007073260853455092,-0.12608555454528492,3.306648278236389,0.0005168498542237406,-0.11819558097230788,3.1130871852238973,0.00037008835109494004,-0.13351001744851707,3.2734972635904946,0.0005197112875369688
163,-0.1220100617234934,2.3000287771224976,0.0005735013430239633,-0.09590964244038708,2.6794164101282756,0.0011815732791243742,-0.1433673662284699,3.1236980597178143,0.0009258985053747892,-0.10478283072625069,2.578433648745219,0.0030322976720829806,-0.12161875872792552,3.216179092725118,0.0006815106821401666,-0.12167205212225986,3.3346410115559895,0.0005486449401360006,-0.11534813198500936,3.132647975285848,0.0004068170261840957,-0.135165415605302,3.2885795911153157,0.0004301250368977586
164,-0.12478329532912709,2.3128398418426515,0.0005078718701649146,-0.0999715911924562,2.694731934865316,0.001008004708758866,-0.13730822769159506,3.126648219426473,0.0010999865965762485,-0.1575407037985487,2.539974236488342,0.003061594065123548,-0.12898528738330178,3.238598092397054,0.0005864519082630674,-0.12991448666175748,3.337321662902832,0.0007161377919449782,-0.11944156264557003,3.1533101240793866,0.0006382695816379661,-0.13168346780316292,3.3063260078430177,0.00046964052501910676
165,-0.1381137505864458,2.318113160133362,0.0006401015338875975,-0.1073165704814214,2.6859212716420493,0.0008090393928190073,-0.14890332589325567,3.1495062828063967,0.0013586231623776257,-0.17812822732908432,2.57132465839386,0.0031280820490792393,-0.13076628517059932,3.2570516586303713,0.0005410739676638816,-0.13083212015366233,3.3449843406677244,0.0006574158159007008,-0.11673849979627612,3.158719046910604,0.000546082488532799,-0.13329598166574605,3.3178468068440754,0.000756835617357865
166,-0.1282977742989054,2.3408852100372313,0.00044634971612443527,-0.09203548330629861,2.705994168917338,0.001034431931717942,-0.15590303279082812,3.1607157945632935,0.001311186272262906,-0.14504316239225548,2.6093730847040812,0.0027176388927424946,-0.13079763214884435,3.243067423502604,0.0007627722797527288,-0.13077189132612327,3.355053973197937,0.0009270817041397095,-0.11820060252743979,3.1596787055333455,0.00033335503054937967,-0.1322314931711549,3.3289554357528686,0.0005868331577706461
167,-0.1265658830323983,2.3494598547617596,0.0005403566591364021,-0.1016233617981417,2.7202306509017946,0.0008413522775905828,-0.15975959964619305,3.1749279260635377,0.0011152057520424326,-0.11528026914390319,2.6224380175272626,0.0028919023927301167,-0.12997292487897785,3.2658575614293417,0.0006111582915764302,-0.13081412710924722,3.3622135877609254,0.0006744881238167484,-0.11581590190110976,3.177431845664978,0.0003632659878348932,-0.14131335550654342,3.345782208442688,0.0004134187785287698
168,-0.11991398372000539,2.3613070329030355,0.0005793909813898306,-0.10539136522341051,2.7346240043640138,0.0005796391303495815,-0.15516739518012482,3.1870383739471437,0.0011791771355395516,-0.13131718447537594,2.6265997648239137,0.0031909626947405436,-0.1286746056356843,3.280901551246643,0.0004473813877363379,-0.12780367835619047,3.3773433208465575,0.0006289352536744748,-0.12020016459012477,3.181279015541077,0.00041244496145130446,-0.13640650898405593,3.3566815694173178,0.000493971593095921
169,-0.12923630655777188,2.374738637606303,0.0004704868353049581,-0.11348967925585175,2.740463217099508,0.0007915514259366318,-0.15063922888809972,3.2027111450831094,0.0011140784500942877,-0.14326995073022794,2.639635364214579,0.0032471832741672794,-0.12761309751771183,3.300053373972575,0.0005606928005969773,-0.12262394927620089,3.3940096457799274,0.0006309143306377033,-0.12178400789291798,3.2014535983403523,0.00033188936504302546,-0.131478607214372,3.3609471400578816,0.000528452747190992
170,-0.11965008727795594,2.3826560497283937,0.00046528182671560597,-0.10793319614287306,2.759066653251648,0.0009638550924137235,-0.15014012155393525,3.2163298686345416,0.0010284051143874724,-0.15531100034064502,2.6347176869710287,0.0035307962641430396,-0.12176335074136231,3.3075456619262695,0.0005935634593091285,-0.12160552245413689,3.407546615600586,0.0007195765821961686,-0.12659480948681837,3.226342495282491,0.0004083709626380975,-0.12590739494267292,3.37881486415863,0.000576391737558879
171,-0.11725830918057366,2.3975666999816894,0.0009019658842589706,-0.10840428876316993,2.755246575673421,0.000793978952181836,-0.15037211129546726,3.2368807951609293,0.0010284356287835787,-0.14507209950893915,2.678548781077067,0.0032976904922785858,-0.11329450032038474,3.311214264233907,0.0005366360254508133,-0.12109724903765624,3.417236812909444,0.0005093897867482156,-0.13144929919530504,3.2234015146891277,0.0005444750422611833,-0.13079304997620544,3.3946725368499755,0.0005826264202672367
172,-0.12326220615569668,2.4025447765986123,0.0004764500520347307,-0.11730094828063889,2.776596117019653,0.0007539091874302055,-0.14697387959343336,3.2435044844945273,0.0018673755519557744,-0.1063459134325225,2.689055347442627,0.0028790555234688023,-0.12200098872432844,3.328435476620992,0.0006669651619934787,-0.11907082113235165,3.421799159049988,0.000639864694676362,-0.11995062078046811,3.2296226183573404,0.00033924825790260607,-0.1283827231062461,3.4051296710968018,0.0004754515219246969
173,-0.12570545974686878,2.411434563000997,0.0004726360110604825,-0.09803266512026737,2.7737648169199627,0.0006577793499066805,-0.15079888960110593,3.240960693359375,0.0020081954503742357,-0.12548071522494778,2.709227188428243,0.0030740411137230696,-0.11956744931566259,3.3451486349105837,0.0007234145217807963,-0.1138832004211452,3.443268100420634,0.0005284664783782015,-0.1252416785941751,3.2463879585266113,0.00033404358643262334,-0.12871209103941933,3.4047449191411334,0.0006414888145324463
174,-0.13222957858682124,2.4210870345433553,0.0005058496884885244,-0.10307628151627204,2.7777679204940795,0.000963621373133113,-0.14910497508780046,3.273261801401774,0.0015369556417378287,-0.12379500555937048,2.724688506126404,0.0036831850030769903,-0.12410349771201092,3.350820851325989,0.0006274098772943641,-0.12852671118365944,3.452394477526347,0.0007562427073329066,-0.12540928055458242,3.2606630961100262,0.0004099846046301536,-0.1326352769334215,3.4424813191095986,0.000668141962766337
175,-0.13007205566746285,2.4291303555170694,0.0006229271151823923,-0.11202849751102852,2.7857428789138794,0.0006782721708683918,-0.14145476896843942,3.277174186706543,0.0012171858514193445,-0.1262877054929347,2.734636378288269,0.003299858863465488,-0.12200720471378257,3.371635977427165,0.0009264904355707888,-0.1299775483675637,3.4564656654993695,0.000651404283901987,-0.12082621593955323,3.272832004229228,0.00032889199210330846,-0.1268558246657044,3.455317004521688,0.0004540629131952301
176,-0.1319472543333267,2.4501440445582072,0.0005199189860528955,-0.10594596121250947,2.8263229846954347,0.0006857288729709884,-0.14556804284684263,3.300228301684062,0.0011604638032925625,-0.129933432133073,2.7366659164428713,0.00344936892700692,-0.12479638868457957,3.3661289691925047,0.0006152266296946134,-0.12049952466723976,3.473937972386678,0.000578594298955674,-0.11914149373819236,3.2892835696538287,0.00045177734864410013,-0.1312995142254891,3.456833267211914,0.0006115419004345312
177,-0.12788843603526975,2.462048228581746,0.0009139482649819304,-0.10746182559556967,2.8161052147547405,0.0006006391156309595,-0.14769824426634787,3.3048680067062377,0.0012805895879864694,-0.13293040241190368,2.7508559942245485,0.0035131413489580153,-0.12116926950178718,3.380305528640747,0.0006121973807845885,-0.11383450099337471,3.4792772134145102,0.0008693562189970787,-0.12877065669803478,3.2955203294754027,0.00036932483005026976,-0.13308165179109221,3.469505858421326,0.00048043122224044054
178,-0.12839836894949028,2.462923192977905,0.0006265166186494753,-0.0972990537665114,2.833053787549337,0.0007373102930917715,-0.14803516538851358,3.3109275817871096,0.0016228551374903569,-0.14738935640199463,2.750200851758321,0.004390046970608334,-0.11950913211323672,3.399082907040914,0.0005158175355366742,-0.11904656038039566,3.4991692781448362,0.000590265475329943,-0.12689334505333844,3.318219860394796,0.0004814098967472091,-0.132539293948946,3.4869816223780314,0.0005615796229297606
179,-0.12516584367390518,2.4682101249694823,0.0004790170797302077,-0.09480154153249015,2.835567307472229,0.0010102855778920154,-0.1471756407542659,3.3275935490926107,0.001358567647791157,-0.1496194400145397,2.774905816713969,0.0033655306169142326,-0.11718936951312026,3.4130762020746865,0.000627687339632151,-0.11422252075927491,3.5106222152709963,0.0005475770061214765,-0.12996766354243508,3.3282479445139566,0.0006948192031510796,-0.1299223680268731,3.496988232930501,0.0005963984353002161
180,-0.1279906954944035,2.4887991428375242,0.0004682814081509908,-0.1111300627234431,2.8465397993723554,0.0006234810454770923,-0.15572520262455267,3.3541239976882933,0.0012167725537437946,-0.13819812928842576,2.8128218173980715,0.0036191983769337335,-0.12135296685167979,3.408405598004659,0.0005532777392848705,-0.11819704691466655,3.517712608973185,0.0005645908977991591,-0.11994552890538672,3.344753456115723,0.0006448118190746754,-0.12834391846097432,3.521258584658305,0.0005487434624228627
181,-0.1216543460936796,2.4962848663330077,0.0006400808866601438,-0.10267590210102696,2.8689696391423545,0.0006509207354004806,-0.15076857015970832,3.3465003887812297,0.0016576741259389867,-0.1318538174451898,2.8000677188237506,0.0035595586290583015,-0.12237315027186955,3.4252955754597982,0.0008326562878210097,-0.1210102462547815,3.5373315890630086,0.000567432136934561,-0.12979944318315487,3.3387231826782227,0.0006860380449021856,-0.13037429539323905,3.5287853558858235,0.0009194736737602701
182,-0.1292709720478513,2.4966254154841105,0.0006303067377302796,-0.10965868384157663,2.8784318526585895,0.0006859102936383958,-0.14251718185533319,3.361472241083781,0.0015883351928399254,-0.13318313738227255,2.810188810030619,0.004067671081672112,-0.11727968249643046,3.4355141321818032,0.0009052354076023524,-0.11283470644653616,3.536290939648946,0.0006357552493379141,-0.12780702836280117,3.3720106442769366,0.0003784993391794463,-0.13270620707308903,3.550584387779236,0.0007035944717548166
183,-0.13778402997759198,2.5212650140126547,0.0007645237715526794,-0.10959170299925694,2.8823860327402753,0.0007242162838034953,-0.14940075490955385,3.375805942217509,0.0014431501253663252,-0.11854884994845807,2.8221659819285074,0.003603872179519385,-0.11684912642491639,3.4688164552052814,0.0007272648363141343,-0.12507042414704095,3.552068893114726,0.0008063462145704155,-0.13133363813993498,3.357099111874898,0.00035650164015047875,-0.13177196299109545,3.54453121026357,0.0005479553471862649
184,-0.132207554706284,2.5319530725479127,0.0005598372740981479,-0.10547182856275877,2.8993407249450684,0.0006505515377890939,-0.14119089774866928,3.385681144396464,0.0013966619580363234,-0.11454793304285331,2.837656609217326,0.0037391249478484195,-0.11406744352422965,3.4474939505259194,0.0005821719668650378,-0.11891015751550077,3.5539315621058147,0.0006580993950289364,-0.12736631985226812,3.389870619773865,0.00036057589556245755,-0.1369938158942628,3.5515645662943522,0.0004942311759805306
185,-0.12786622092185876,2.5307532866795857,0.0004554137762170285,-0.11211281661407327,2.88785347143809,0.0006009474493718395,-0.14659846080611802,3.4172436634699506,0.0014783683058340103,-0.12693720552224586,2.8368609666824343,0.0035276152348766724,-0.12506196370854175,3.4602174043655394,0.0008279918334058796,-0.11369301434639571,3.564906104405721,0.001002822303174374,-0.1288015320344932,3.3899627526601157,0.0005215546193843086,-0.13578096162123837,3.587393379211426,0.0005215814346835638
186,-0.12613335685676252,2.560166351000468,0.0004544048725316922,-0.1124111225792258,2.909982109069824,0.000797514952137135,-0.1486955053268563,3.423807239532471,0.0016977891034912318,-0.12601398586517604,2.8665289640426637,0.003828521554047863,-0.11054216822439765,3.486734986305237,0.0006954753092334917,-0.11454170996392485,3.578610666592916,0.0006942602456547319,-0.12939295028808667,3.3996336857477822,0.0004003807291155681,-0.1279919658904903,3.597098636627197,0.000746259498797978
187,-0.13105656089169557,2.5656501690546674,0.0004151483221600453,-0.11175653132087607,2.909246548016866,0.0011328953269791478,-0.14751001037354666,3.441914510726929,0.0013583646388724447,-0.118118565645315,2.8626868963241576,0.0036902763104687134,-0.12143616864677359,3.493238337834676,0.0006095927024337773,-0.1205301789183408,3.5829131682713826,0.0005983916402328759,-0.12139678236741987,3.408605440457662,0.0003975880953172843,-0.14147810292384191,3.602954904238383,0.0006288060481892899
188,-0.13255022538533662,2.5700533866882322,0.0005792796767006318,-0.09959090786187526,2.911501471201579,0.0008307064650580287,-0.15062070137471328,3.4504464864730835,0.0014345282300685842,-0.126255915606638,2.879102865854899,0.004339484195224941,-0.11874827992196958,3.5009974400202433,0.0008615279861260205,-0.12312317144763822,3.598884948094686,0.000826315168524161,-0.1293745971227017,3.434070595105489,0.0004596341071495165,-0.12747953149883126,3.6299170732498167,0.0004944000849112247
189,-0.12911055890297551,2.582273268699646,0.0005391613201936706,-0.11710510373805434,2.9405491511027018,0.0007208197852984692,-0.15293873013154408,3.453783329327901,0.0017234401602763683,-0.11346893733638072,2.9174612601598104,0.004195738933049142,-0.12157348257542798,3.5127785126368205,0.0009817802075607082,-0.12373866927306548,3.606621527671814,0.0010168822162086144,-0.12479223902750955,3.4366615931193034,0.0004564320954765814,-0.13625860273492543,3.634495425224304,0.0006968388052579637
190,-0.11996768115973121,2.598537556330363,0.0005686496335935468,-0.09451964013434304,2.936375880241394,0.0007504345519312968,-0.15324676719804844,3.468829894065857,0.0016862425856137028,-0.11363924007511932,2.91008468468984,0.003895070714255174,-0.12628652701140225,3.5130728244781495,0.0006696097892321026,-0.11526444265090927,3.6254745880762735,0.0009239974751835689,-0.12103151063773769,3.4472807168960573,0.0003556169758667238,-0.12664576097496696,3.644381022453308,0.0006235760423199584
191,-0.11622679888709163,2.6054447571436565,0.0010767827974632383,-0.11123992339016775,2.9484828313191733,0.0007391621339290093,-0.15401019811826405,3.4739646991093953,0.0015698152807696413,-0.11674703962858789,2.92359189192454,0.0062943516609569395,-0.1262464982788279,3.5310919284820557,0.0008305384350630144,-0.10977036411222528,3.6290286143620807,0.0006334428112798681,-0.1297994936991845,3.475924833615621,0.00046596230095019564,-0.1357505240002216,3.6578959147135417,0.0008172826162384202
192,-0.13117191490786026,2.623373341560364,0.0007009601686149836,-0.10936780933218966,2.9464944283167522,0.0008509821384601916,-0.15803590223802078,3.490667963027954,0.0017552100063767285,-0.12262562176647171,2.940602668126424,0.005571583456670245,-0.11680156174598788,3.5396505276362102,0.0005955380358500407,-0.10981903239778451,3.6450488408406576,0.0007454368237328405,-0.12587397396457492,3.47636612256368,0.0004168299628266444,-0.1294398879313266,3.6589675188064574,0.0008033332832080002
193,-0.12673865632033557,2.626074934005737,0.0004617531376425177,-0.11596634940403756,2.985566425323486,0.0007859669198902945,-0.16720397913336446,3.5002718607584637,0.0017858448438346386,-0.16122493134959537,2.94110160668691,0.003316010461033632,-0.12452804281889664,3.5599713802337645,0.0008570941417322804,-0.11708652507869395,3.654977051417033,0.0005831083670879404,-0.12356354425190677,3.4807732979456585,0.0005192206522527461,-0.1326347550171896,3.683857814470927,0.0007067383480413507
194,-0.11712252192516029,2.6399092356363933,0.0008367380088505646,-0.10014679591433587,2.9880428234736125,0.0006282246817136183,-0.15719599559754618,3.517040793100993,0.0014703302877023816,-0.1934864449897122,2.940077519416809,0.00339248194747294,-0.12225063896010659,3.5576343536376953,0.0006523429241497069,-0.11029292762274615,3.664119013150533,0.0007936583439004608,-0.12492941826965208,3.4904958248138427,0.00047864577500149607,-0.13507896960721621,3.6879122893015546,0.000527350723859854
195,-0.1181503361089471,2.6488107204437257,0.0006107489908269297,-0.1033723152038508,2.9842146317164104,0.0007874816976254806,-0.1636209147236947,3.5352012793223064,0.0014167864496509234,-0.25699288404604376,2.987790894508362,0.003575942354897658,-0.12262869058686693,3.569924553235372,0.0009455895914773767,-0.1172423297277024,3.6682905673980715,0.0008345868098937596,-0.12283167826663186,3.508466362953186,0.0006616923152857149,-0.12689871616377288,3.711647081375122,0.0007686328201089055
196,-0.1286446828689414,2.6585917393366496,0.0007189423447319617,-0.10247940970011249,3.0013740142186482,0.001074604676493133,-0.16719419447505315,3.5536725680033365,0.0017767021122078101,-0.22851807813146788,3.049014663696289,0.0045257533512388665,-0.125984637202124,3.580138993263245,0.0009487080484783897,-0.127458317888318,3.6739663600921633,0.001246673675874869,-0.12637651462215313,3.5216483592987062,0.0005393539371046548,-0.12939504853393954,3.716605011622111,0.000971774070058018
197,-0.12455074752877318,2.6655775467554728,0.0005482595510936032,-0.10988351403077036,2.998942255973816,0.001152094706776552,-0.16096451170151102,3.563676691055298,0.001555628729208062,-0.22783784648586633,3.015119743347168,0.005535501373621325,-0.11799708405895024,3.596996959050496,0.000900470192815798,-0.12831241918727104,3.6796736478805543,0.0006070166321781775,-0.12516460534691318,3.5289199113845826,0.00043166566514022027,-0.1329216077858578,3.7191386063893637,0.0006046474280689533
198,-0.12465375557958422,2.685677162806193,0.0007018347726746773,-0.10424141835849385,3.021496550242106,0.0008604985002117852,-0.1557001712794743,3.565006470680237,0.001600880748204266,-0.30497579605175384,3.0526559352874756,0.003574487310834229,-0.1216433707481601,3.617087467511495,0.0007068500970490276,-0.1205773841576467,3.703647494316101,0.0005704491069385161,-0.12569892081047912,3.53443706035614,0.0004409660638581651,-0.12190199090565369,3.7260833342870074,0.0006556405394803732
199,-0.12061962282548569,2.7011915922164915,0.0005484787727861355,-0.09904829177665099,3.0247795661290486,0.0006908495929868271,-0.15537509485051837,3.577067216237386,0.00196756658066685,-0.26077946572658656,3.0788559834162395,0.003584323978672425,-0.1236078894782335,3.6242358843485514,0.001106091010539482,-0.11487454920118804,3.7172402858734133,0.0009149380687934657,-0.1292028324441779,3.539242323239644,0.0006381421107410763,-0.12366655930257747,3.754257663091024,0.0007968718457656602
200,-0.11570155132524788,2.702219041188558,0.0005741250788560137,-0.10178865550216086,3.039463504155477,0.0007304488817074646,-0.15665405292713183,3.597508756319682,0.0019351699117881556,-0.2433034013387245,3.056388584772746,0.0035001284287621576,-0.12690757950988332,3.636587715148926,0.0008059014042373746,-0.11922615400498296,3.7103034337361653,0.0006360822153510526,-0.1277775620902258,3.567963433265686,0.0006076954411886012,-0.12339253651320779,3.7592498461405435,0.0006601056908645356
201,-0.12238708130445043,2.7090586264928183,0.0005215066717937589,-0.10153754140984526,3.0320032199223834,0.0008584936285236229,-0.15461945691651055,3.5987953742345176,0.0018030949868261814,-0.24980158581468148,3.089517879486084,0.0036059949779883027,-0.12450744767849839,3.638105805714925,0.0007759005578312402,-0.11268479653011385,3.7311996618906655,0.0008548453401696558,-0.12627343839443142,3.572815211613973,0.000407081691082567,-0.1193774371171239,3.7739612499872845,0.0004888631558666626
202,-0.11963203322948078,2.723634394009908,0.0004972546827048063,-0.09463423708683281,3.0545706192652387,0.0008979242818895727,-0.15635432535884156,3.617316174507141,0.002048150709985445,-0.28946741328900993,3.1210254351298015,0.00345128873984019,-0.11786767452941396,3.6522101084391276,0.0008440948266070336,-0.11127380349833563,3.732245675722758,0.0008759772298314298,-0.11710408289690001,3.5863833745320637,0.000633435013393561,-0.12714360451919446,3.7861751953760785,0.0005751537333708257
203,-0.11960354255547273,2.7320815563201903,0.0005450760198679442,-0.09933112450372315,3.0677688360214233,0.0007185903339025875,-0.16186686414166346,3.6168508768081664,0.0016730373492464424,-0.2637887708982575,3.1768144369125366,0.0035751914760718743,-0.11930464966858376,3.6486671924591065,0.0010368796482604617,-0.10398643179475857,3.745636073748271,0.000735958216440243,-0.1301745853673393,3.5969138224919637,0.0004910625818107898,-0.12579124039098358,3.792928194999695,0.0006159337557619437
204,-0.12915981475936594,2.723722211519877,0.0005339459467601652,-0.09361478076923037,3.068182380994161,0.0008446677684939156,-0.15618577635681188,3.6371206124623616,0.0022531216226828596,-0.23137887222181625,3.154155445098877,0.003136145696043968,-0.12999601939804867,3.6653615395228067,0.0006932129831208537,-0.11073580194710834,3.749686010678609,0.0008157215876659999,-0.12822196472888875,3.600969497362773,0.0005817463218894167,-0.13396575994608603,3.804561161994934,0.0012141489190980793
205,-0.12970817550609534,2.7500235795974732,0.0005328003472338121,-0.10084754158033309,3.0697173754374187,0.0009919682381829868,-0.1618381140203578,3.658406678835551,0.0022401417566773794,-0.22389389268567925,3.105961314837138,0.003218670655041933,-0.12327997378055092,3.6818307797114054,0.0009069722514444341,-0.11540604207425795,3.769405476252238,0.0006288529276692619,-0.12824078647644555,3.6157949765523276,0.000590118725085631,-0.1263558874146695,3.820295556386312,0.000584970400086604
206,-0.13818329226472661,2.761572019259135,0.0005314519085610907,-0.10064737811513126,3.1062136332194012,0.0007512538063262279,-0.1663528260163129,3.6766185998916625,0.0017891796111750107,-0.23082942049355798,3.140552560488383,0.003305202970902125,-0.12372387436472274,3.683547282218933,0.0007309526641620323,-0.11149243573146596,3.78275199731191,0.0006940192057906339,-0.1213651759646023,3.6269858360290526,0.0005384526923686887,-0.1346722752783439,3.834145704905192,0.0005078189094395687
207,-0.12143898052574112,2.773927648862203,0.0005171857977984473,-0.10399863498862018,3.092510636647542,0.000899394436661775,-0.16271425006690593,3.6854615608851113,0.0016434056723179916,-0.1683707968148306,3.184544253349304,0.003559138742275536,-0.10929212302697913,3.6958179394404094,0.0007913637460054209,-0.11192719497918528,3.795299530029297,0.0007158265264782434,-0.12266405741637912,3.6486821015675863,0.0005048828849491352,-0.13394663880793237,3.850477433204651,0.0006441116575539733
208,-0.12421777104560203,2.786255693435669,0.0004968666859592,-0.10753817794846189,3.1265912612279254,0.000753921180148609,-0.15354539283952323,3.6924929141998293,0.0019889828632585703,-0.17880669725814713,3.1938254674275717,0.0034037265538548428,-0.11399697853658096,3.7113598744074503,0.000819222455417427,-0.11135256987490923,3.7802643616994223,0.0006765481841284782,-0.12399832534089764,3.660529645284017,0.0006682129508893316,-0.12244750552984247,3.8540364185969036,0.0006500816680879022
209,-0.12335496958246771,2.786469753583272,0.0007334740638422469,-0.10408248663374017,3.1273786067962646,0.0009021973780666789,-0.15873155272141085,3.7041995604832967,0.0016157067148014903,-0.1843208807534236,3.1913586219151813,0.0037305037413413325,-0.12267580080998487,3.7115891853968304,0.0007964843253527458,-0.11121916024347447,3.805892729759216,0.000816621472282956,-0.11960459421642093,3.667956026395162,0.0006451447829022072,-0.12566507748295191,3.8662086486816407,0.000532446798752062
210,-0.1201099245234459,2.810016322135925,0.0006798598905637239,-0.09920859515674092,3.1255255142847695,0.0010915012525705,-0.1579967859486434,3.721285605430603,0.0018657844280824064,-0.16821195752349163,3.225475772221883,0.0032317539017337063,-0.12733491830457008,3.721388308207194,0.0008381775609450415,-0.11724357358135241,3.8111007452011108,0.0008579520896698037,-0.12833153829932822,3.675571314493815,0.0005457240234439572,-0.12618609284895307,3.8667659918467203,0.0005830323051971693
211,-0.1307332170082581,2.810409673055013,0.0005472794126641626,-0.10385114171408412,3.116440939903259,0.0008711328584467993,-0.15956306942264364,3.7351489941279095,0.0017177525248068075,-0.15737408627012076,3.1933515946070354,0.0031217844303076466,-0.12246799317510686,3.7306124130884806,0.0008595495154925932,-0.10970640936082952,3.8164125363032024,0.000645195395918563,-0.12471396483389764,3.67590217590332,0.000449788203695789,-0.1218358710301104,3.877054309844971,0.000523830710638625
212,-0.1264196175569981,2.8334815581639607,0.0006016053346684202,-0.11131363012983117,3.1577150026957193,0.000704783500987105,-0.15063235067448227,3.7475226958592733,0.0019642089842818677,-0.13729381596676632,3.239091960589091,0.003729464191322525,-0.12830961803797167,3.7382825136184694,0.001291857126246517,-0.11892500873716845,3.8283555189768474,0.0006281698413658887,-0.12831496719355448,3.6994284550348917,0.0005284407564128438,-0.12419845672625304,3.888487195968628,0.0006503136683022603
213,-0.13672053611357224,2.825878699620565,0.0005884396615632189,-0.11532632962098166,3.1536224365234373,0.0007293180824490264,-0.15998641761356872,3.7625409841537474,0.0015767705083514253,-0.14025064689309652,3.2543506542841594,0.003896134800743312,-0.11806932353285872,3.762592562039693,0.0009915643779095263,-0.11345440025211752,3.838991371790568,0.0007091023348039016,-0.12486206736470666,3.7071864287058514,0.0005922652577282861,-0.12636436552670097,3.9106924057006838,0.0007334448950132355
214,-0.12382959117562502,2.843497625986735,0.0006644061611344417,-0.11011303191564409,3.1466857115427653,0.0007324261804266522,-0.15071186233239545,3.7604878346125283,0.001979626208776608,-0.15061047843297037,3.246407707532247,0.003967040699596206,-0.1208260023650738,3.7585289319356283,0.0009101760922931134,-0.11298670164788435,3.84383909702301,0.0008215836113474021,-0.12475710948264071,3.7230117400487264,0.00041552542922242234,-0.12601562341809838,3.9181989351908366,0.0008660727413371206
215,-0.1301816836159295,2.8660820563634237,0.0008493626829780017,-0.10299954826125166,3.180000416437785,0.0008324992852673555,-0.15432673202117783,3.7814556121826173,0.001781710823221753,-0.1263839996306311,3.2859251896540322,0.00400574478165557,-0.1251105512373931,3.771674633026123,0.0007523162096428374,-0.11935058929843306,3.8571192423502603,0.0008771508592568959,-0.1282495956082558,3.7323063453038534,0.00048459098713162044,-0.12454209328631168,3.9269087235132853,0.0005974373721983284
216,-0.1254527174443197,2.874404780069987,0.0006664454180281609,-0.09624666730784573,3.1838013490041095,0.0012140110115675877,-0.15476214820658854,3.7960699717203776,0.0018060955684632064,-0.11214071297720084,3.296470348040263,0.003030343167483807,-0.11538479221840407,3.78752380212148,0.0008147059648763389,-0.11635849702616564,3.8687389612197878,0.0010294086969224736,-0.12235135419083423,3.7374286810557047,0.0004560828732792288,-0.12388257836807863,3.9316335837046306,0.0006540582263066123
217,-0.12667864784377877,2.8776345014572144,0.0006701264200576891,-0.11282307357633851,3.18506072362264,0.0009150237737533946,-0.15628481729937857,3.8009605407714844,0.0018597176453719537,-0.11675066997338038,3.3155426104863484,0.003379134647548199,-0.11533904887763222,3.7947625637054445,0.0008205635395521919,-0.12306285144103947,3.863586743672689,0.000751573079226849,-0.12738853231253328,3.7683889468510947,0.000494819600135088,-0.12419632151412469,3.9484181642532348,0.0005870821934270983
218,-0.13758993135042855,2.8942378044128416,0.0010645320144249126,-0.10263532081310515,3.186854950586955,0.0009185781576282656,-0.15773256795502624,3.8081610600153604,0.0022623015684075654,-0.11469170838604616,3.332209038734436,0.005604836096366247,-0.11990119306982847,3.8139512062072756,0.0009203982714097947,-0.12066652901542452,3.8908605178197226,0.0008608349424321204,-0.11818012735437129,3.757123613357544,0.0006097555558274811,-0.12620276526357913,3.9677045424779256,0.0005749078224956369
219,-0.1329244958554414,2.8967631101608275,0.0006368305136372024,-0.10383806260073108,3.1962814490000406,0.0007068584207445383,-0.15903077577412014,3.8338375806808473,0.002313551970291883,-0.11716179376304686,3.3213993072509767,0.004101197825123867,-0.11763813604498799,3.8089975277582804,0.000824436234931151,-0.10521188933974311,3.891384720802307,0.0008829012522861983,-0.12478351171375958,3.7765625715255737,0.0006870726986865824,-0.11760678187787063,3.978529461224874,0.0007096895239859199
220,-0.13079902212913178,2.899210214614868,0.0007142821908928454,-0.09523040880113486,3.214234209060669,0.0006933734635822475,-0.15565044811235804,3.8387632369995117,0.0017796335741877556,-0.11752487734331991,3.3450924078623454,0.004051135100113849,-0.10917086254529537,3.827080734570821,0.0009684268637405088,-0.12347607975223748,3.899811013539632,0.0008915522911896308,-0.11863796641646868,3.790234994888306,0.00048721345665398986,-0.11804193378768361,3.9842712958653768,0.001200120371261922
221,-0.14686080184592373,2.9121957699457806,0.0007828757593718668,-0.10208266602216949,3.2159261147181195,0.0008053126560601717,-0.15816408608843122,3.8551795562108357,0.0019334203330799936,-0.11636516249186797,3.365978805224101,0.003950450623718401,-0.1212197748204257,3.83679039478302,0.0009967458366494004,-0.12125067068779154,3.9190383593241376,0.0007435374922351911,-0.11800541330461033,3.7893691857655845,0.0005039901957691957,-0.12106805000654276,3.9832746744155885,0.0007249899257052069
222,-0.1351789239002942,2.9373301029205323,0.0006029629041828836,-0.1041483224345746,3.2415669838587444,0.0007054420401497434,-0.16400778914053127,3.8586379130681356,0.0019389506856290002,-0.12057555307648764,3.357501975695292,0.003968438630302747,-0.12204778604259675,3.8519803524017333,0.0012063422453744957,-0.11465322005587224,3.908755731582642,0.0006530584088371446,-0.11973879469375337,3.811526052157084,0.0006918076251167804,-0.12431807714258272,3.989870874087016,0.0007148311502533034
223,-0.15173880005624432,2.9432018518447878,0.0005799738467127705,-0.09783910044542261,3.2404606501261393,0.0007522017403971404,-0.16244241451655916,3.886144193013509,0.0017633237992413342,-0.12435461762850945,3.3819446643193563,0.004412019082034628,-0.12600794863010784,3.8467441320419313,0.0011369584574519346,-0.12327872699465943,3.9427018483479817,0.0006497221145158013,-0.11506361049861244,3.819931451479594,0.0005405216730044534,-0.12064451629377748,4.007718396186829,0.0006336233403999358
224,-0.14876130611609237,2.9446199496587115,0.000785519204994974,-0.11230352382066619,3.2462024211883547,0.0009528981793361405,-0.15538978243384333,3.8789883931477864,0.002229677647119388,-0.13410697266027674,3.370330230394999,0.005187499717188378,-0.12688759190326615,3.8564360618591307,0.0012765931508814294,-0.12246944517716885,3.91934548219045,0.0009475481085246429,-0.12562702377358553,3.838761655489604,0.0007580306545908873,-0.11484211322671141,4.0204857110977175,0.0006244183071733763
225,-0.13973142438955827,2.968810232480367,0.0007589674758492037,-0.10878609435579799,3.2655165910720827,0.0012555546932465707,-0.1564536525775272,3.898277187347412,0.002224099407127748,-0.12109043605411197,3.3949256896972657,0.003920261414411167,-0.13595875311231972,3.8760235706965127,0.0010557517622752737,-0.12119277870588484,3.9444666703542075,0.0008510271824585894,-0.1247541638422272,3.849862829844157,0.0007867116791506608,-0.12004051047016873,4.036057504018148,0.0006846874855303516
226,-0.1269231220436793,2.974386517206828,0.0007683852270323162,-0.09098211955545349,3.2671471277872723,0.000901211299545442,-0.1685684160270734,3.914502008756002,0.0021958192305949827,-0.1224160353521711,3.435862962404887,0.004588550585322082,-0.133132018821502,3.8686570723851523,0.001233359680433447,-0.11204063609471028,3.956051770846049,0.0006968355757029106,-0.12569325431619544,3.8581204493840535,0.0006523234633884083,-0.11661785401337621,4.0471620241800945,0.0008511140195575233
227,-0.12848108518547077,2.9777050018310547,0.0008239724382292479,-0.1102621847363804,3.2655593156814575,0.0007806980206320683,-0.16127781388476312,3.926845637957255,0.0018548458504180113,-0.1109342614264598,3.426501727104187,0.004123295952255527,-0.12616429586414576,3.8832479238510134,0.001025841287143218,-0.09932734861468026,3.974331267674764,0.0007223848767656212,-0.1268673301338316,3.8596635182698567,0.00043746897814950594,-0.11465127360638082,4.0450276851654055,0.0005915680900216103
228,-0.1308311371007968,2.984109091758728,0.0006747417666095619,-0.10113476604601455,3.2895017862319946,0.0009684236894827337,-0.14764552553383453,3.936665431658427,0.002145279412313054,-0.10854360770652632,3.4062657515207926,0.003986219025682658,-0.12795858996206377,3.895342310269674,0.0011099452822236344,-0.11066279423585407,3.9844590504964192,0.0008898417533297712,-0.12203637116996995,3.8756219228108724,0.0005178899591555819,-0.12419026558466122,4.062420908610026,0.0005358365888241678
229,-0.13484433962939688,2.993453764915466,0.0005529079033294692,-0.10491427121092421,3.3046520868937175,0.0008102846118466307,-0.14960844649855007,3.960023013750712,0.002023974561598152,-0.11442492704146323,3.4542669614156085,0.004257695353589952,-0.12448027956532694,3.9093818346659344,0.0012911383440950886,-0.1108361433847344,3.9706836859385173,0.0006647142494330182,-0.12608601739770722,3.884448838233948,0.0005037129245465622,-0.12433611912608372,4.064523029327392,0.0005306293004347632
230,-0.13647577276529585,3.0028549512227376,0.0006496579405696442,-0.09870298406675544,3.3044986009597777,0.0008596973804136117,-0.14070092290352001,3.9814124504725137,0.0018466139774924765,-0.11384981780970456,3.4490654945373533,0.004056154975357155,-0.1317177147665167,3.906295895576477,0.000959058521160235,-0.112472172293955,3.985209012031555,0.0006931313410556565,-0.12384638867433903,3.887179708480835,0.0005022970164039483,-0.11825556153069876,4.0796159108479815,0.0006062167570538198
231,-0.1534616803719368,3.023265830675761,0.0007091171311913059,-0.0963388254158969,3.31140128771464,0.0007461137177112202,-0.14771716745539193,3.981102991104126,0.0019970141584053636,-0.11500247600963003,3.4668285846710205,0.004078568060261508,-0.12823106883048505,3.9268479426701863,0.0009444659226574004,-0.11812468596311265,3.999866565068563,0.0008526186458766461,-0.12279351931791745,3.9037423769632977,0.00046665137148617456,-0.12146663598135286,4.104053942362468,0.0005905797792365774
232,-0.15009740447679648,3.033833885192871,0.0006410392816178501,-0.1052569336658607,3.3283468882242837,0.0010270715943382432,-0.15436087558212863,3.9864439805348715,0.002069874443501855,-0.12500469655661262,3.44530352751414,0.004779615866330762,-0.12969469943374942,3.9369694630304974,0.0007529548359646773,-0.12436385383331654,4.006746919949849,0.0006210410754041126,-0.12041153711500065,3.898208832740784,0.0006293964096888278,-0.120680921097222,4.099904584884643,0.0007792948318334918
233,-0.15683800093162226,3.0421907107035318,0.0006721656090424706,-0.09773534402509904,3.319734557469686,0.0010498460906092077,-0.14088758277029792,3.998541076978048,0.0016745506630589564,-0.12512234115211462,3.465468390782674,0.004674058384262025,-0.12216016014099826,3.940210795402527,0.0011373486117615054,-0.10858574499674524,4.005346814791362,0.0006597941440607732,-0.12529985642568012,3.926024595896403,0.0007378325070021674,-0.1268359756704996,4.120302327473959,0.0006735917238984257
234,-0.16036573594583997,3.0534090598424277,0.0006091842864407226,-0.11632150031894399,3.3372496048609417,0.001257803417198981,-0.1536006254524072,4.0108944495519,0.0019670392114979527,-0.11569760448451544,3.5257529258728026,0.0046087895908082524,-0.13004430947668785,3.9574151674906415,0.0011969969025813043,-0.10575874073082087,4.029789201418558,0.0008843725789726401,-0.12849608677077648,3.930492623647054,0.000812745409590813,-0.13396221385640372,4.122470490137736,0.0007200663152616471
235,-0.15437377642774144,3.0647898515065513,0.0007542105032674347,-0.10894067155774072,3.3619569381078085,0.0009970600445133944,-0.1555875578205827,4.022198804219564,0.0019222763677438101,-0.128147066171601,3.5105998357137045,0.004369346176584562,-0.129699895603619,3.9645910024642945,0.0009743970585986972,-0.12293154296228676,4.03633778889974,0.0009030113054905087,-0.12105756535908038,3.9668352047602338,0.0010034659208031371,-0.12822737567361056,4.128715960184733,0.0007222129876026884
236,-0.14824216748888552,3.0639156421025593,0.001293355890084058,-0.10276376427464327,3.3460238297780354,0.000987334669722865,-0.1650846383174169,4.031819264094035,0.0022542281231532494,-0.10244877340446655,3.5040421009063722,0.004852269333787263,-0.1306288372328313,3.965966749191284,0.0009090294023432459,-0.11012157375593941,4.0452470223108925,0.001076170817638437,-0.12364774995096434,3.9478081305821737,0.0004970060118163626,-0.1334216414680924,4.14629290898641,0.0006779474885358164
237,-0.1557739629457526,3.0775483290354413,0.0011203449704529098,-0.09928890299942941,3.3693307320276897,0.000732999028211149,-0.15782983272330187,4.04453759988149,0.0026318978401832283,-0.11858136771945658,3.56341499487559,0.005006512122539182,-0.1238039731478368,3.9827934821446735,0.0008066296150597434,-0.11101359542961994,4.063587935765584,0.0008429282597110917,-0.12028272533157769,3.966706085205078,0.0004797532683975684,-0.13699425136768303,4.157167466481527,0.0007167455876090874
238,-0.16011205688085778,3.080104923248291,0.0008070210227742791,-0.10262170358982418,3.384174903233846,0.0010821463365573436,-0.15496681151779662,4.055047146479288,0.0024479047278873622,-0.11155981941067687,3.5552484035491942,0.004826829597974817,-0.12176880879232745,3.990306083361308,0.0009441142339104166,-0.117417864329703,4.064592917760213,0.0008863917086273432,-0.12077583571409647,3.978614362080892,0.0006149634117415796,-0.12311743959237247,4.17189146677653,0.0007834029985436549
239,-0.15124617177052968,3.106532096862793,0.0007693758011252309,-0.09336350579274785,3.400981632868449,0.0010035542169741045,-0.15737177816439235,4.065858395894368,0.002010714448988438,-0.12052782817255289,3.555594269434611,0.004811184767944118,-0.12330807136677183,3.996539338429769,0.0009130170064357419,-0.11074044511952977,4.060874080657959,0.0007830362184904516,-0.12139953096824295,3.9644780000050863,0.0005968187615508214,-0.12345049947048618,4.190586090087891,0.0010885839127392197
240,-0.14721519733409913,3.1211687962214154,0.0008090232343723377,-0.10528840300858447,3.3817243734995523,0.0009498136195664604,-0.15710436207227693,4.084753314654033,0.0021660495161389313,-0.11761265280194068,3.563570737838745,0.005234497118120392,-0.11898742972040446,3.9904806931813557,0.0009666160156484693,-0.10721331941226638,4.080698108673095,0.001045171549776569,-0.11949046407057007,3.993871728579203,0.0005728654854465276,-0.11887801989253582,4.200590356190999,0.0006906761836338167
241,-0.15568468668926727,3.1209968169530233,0.0007444320091356834,-0.1085167578938895,3.4111858367919923,0.0011517303859970222,-0.15404807267538495,4.08563445409139,0.0016821649430009227,-0.1367174633631998,3.555437127749125,0.006962795602157712,-0.11960509613859986,4.008286023139954,0.0009798857538650433,-0.10910833810077028,4.107425864537557,0.0010333055591521163,-0.11970589997248876,4.012229363123576,0.0007749082016137739,-0.1189206480898693,4.203209479649861,0.0006326234016645079
242,-0.14474933195170323,3.1311908960342407,0.0009081757375194381,-0.09635241556665033,3.371017662684123,0.001094644192683821,-0.15156683009380087,4.11328665415446,0.0019391061059044054,-0.133530681745599,3.578023314476013,0.007010013749822974,-0.1289998184704381,4.022116009394328,0.0008189100112455587,-0.12025974892385259,4.087751499811808,0.0009240268516199043,-0.11891445416119671,4.021839006741842,0.0005128770814432452,-0.11469117670278707,4.201930634180704,0.0007987760637964432
243,-0.1379551309029721,3.1350184440612794,0.0008345343502393613,-0.10391782163354184,3.424986410140991,0.0010018178397634377,-0.14787164318633078,4.11101663907369,0.0024467824240370344,-0.11063775132786309,3.5917571862538655,0.004872178627798955,-0.11902927470666587,4.0311013062795,0.000888869878447925,-0.12713078085117677,4.110329484939575,0.000751411120290868,-0.11845381808187354,4.022247171401977,0.0008425898161173488,-0.1098437058704956,4.224939839045207,0.0007023532283104336
244,-0.13143025058728564,3.170290803909302,0.0008420246362220496,-0.0993491247648922,3.4123154322306317,0.0008228231706501295,-0.15586979801447715,4.132704973220825,0.0021171921126854915,-0.11634890581728305,3.6205158789952594,0.0048248597032700975,-0.12146413763163709,4.045606859525045,0.0007911325606983155,-0.11889483493912976,4.118586937586467,0.0008617601473815739,-0.11250715059322514,4.0456143617630005,0.0007698074759294589,-0.1146595687195932,4.221963214874267,0.0008103073991757507
245,-0.12783879052528382,3.1498084624608356,0.0008041742044345786,-0.10717882584784189,3.430166260401408,0.0011019737653744717,-0.16671655547603936,4.1294289350509645,0.002163192117586732,-0.11828496567004591,3.646039907137553,0.004528046686512729,-0.11991674866992846,4.047161984443664,0.0009244127548299729,-0.12283341636546333,4.108493073781331,0.000799613117123954,-0.12313004294670295,4.041286770502726,0.0006394484701255957,-0.11158581044867702,4.231538073221842,0.0007946134185961758
246,-0.159054528479427,3.157927902539571,0.000863023924951752,-0.10281960834680325,3.443693669637044,0.0008312250099455317,-0.15620031188925185,4.140452019373575,0.0019026941969059407,-0.12228062857634847,3.6357951958974204,0.004535170046923062,-0.11674578239183317,4.052195127805074,0.001129333645803854,-0.12153741452096058,4.132171885172526,0.0016472677079339823,-0.11598218745711801,4.060358834266663,0.0006605262305432309,-0.11532904188914576,4.238058360417684,0.0005731896206270903
247,-0.16698337256149065,3.165354339281718,0.00060009152124015,-0.10630237722285839,3.4436386903127034,0.0007603676427000512,-0.152220275148907,4.1638778368631995,0.0017012259845311443,-0.11173569470458324,3.65641237894694,0.004817962770660719,-0.11916206204941426,4.075442051887512,0.0012358565028989688,-0.12479298866250547,4.128026469548543,0.0007402460701996461,-0.11961081877149628,4.062463204065959,0.0007726804401803141,-0.11743379072656698,4.240577014287313,0.0006134994376528388
248,-0.16379358794253712,3.196901535987854,0.000809349234138305,-0.09216319817720466,3.4598320007324217,0.0007691156555665657,-0.14635626477310917,4.162888590494791,0.0017790523590520025,-0.12679686769726353,3.6493131637573244,0.004687157164638241,-0.11137067454215172,4.078143978118897,0.0008530660707037896,-0.12152505481512373,4.12606790860494,0.0008868293962829436,-0.12329380751476275,4.064541697502136,0.0011245021868186691,-0.12549733875146227,4.257933696111043,0.0007750499130149062
249,-0.16863992273459932,3.2057244539260865,0.0010382406869515156,-0.09415117123930719,3.468965935707092,0.0007479971138915668,-0.15282033973588244,4.185249519348145,0.002064938701611633,-0.12180354237516972,3.676226099332174,0.004475260541463892,-0.11428203579173181,4.102957757314046,0.0008348111625916014,-0.11863170036631172,4.1461386998494465,0.0016131789132487028,-0.12320302566578419,4.0854785998662315,0.0006592092152762538,-0.11628576950789024,4.274323018391927,0.0010904737224336713
250,-0.1685941785345228,3.211176943778992,0.0009638244324984649,-0.09912794465644975,3.4987100919087726,0.0011487814132124185,-0.15902364131009297,4.208488273620605,0.002108463416031251,-0.13920972944933696,3.6889240741729736,0.00441168708105882,-0.11369601886886352,4.102223841349284,0.0012144627515226602,-0.12461331936109188,4.146319611867269,0.0011396203325906148,-0.12603309479952035,4.093156846364339,0.0005266511385949949,-0.11234301585647516,4.291857194900513,0.000794650685080948
251,-0.1494339081582806,3.21747096379598,0.0010207343885364631,-0.10541381023143567,3.4790112018585204,0.0010705995373427868,-0.15317930682552705,4.213298177719116,0.002332036899557958,-0.11338250276736353,3.663088822364807,0.00474455498624593,-0.11297516578440613,4.099116452534994,0.0013206913950853049,-0.12302875835027235,4.163855266571045,0.0009956864649817967,-0.1169281850894102,4.10458148320516,0.0006161812721984461,-0.11550263926704082,4.277230628331503,0.000594942708266899
252,-0.14581362122589514,3.2387680371602374,0.0008357724136052032,-0.09759155576571632,3.4843263626098633,0.0009630209999158979,-0.1516237572599698,4.21403710047404,0.002047738832576821,-0.11688353295018193,3.6966140349706014,0.004565603635273874,-0.12072159312918,4.115211137135824,0.000921177970788752,-0.11571323875135588,4.16728933652242,0.0007605346676427871,-0.12080972817952297,4.111614354451498,0.0006080870662117377,-0.11613611296416747,4.292735020319621,0.0006875012040836737
253,-0.1514422154268282,3.234947109222412,0.000802024855511263,-0.10595751093040916,3.498432230949402,0.0010000391921494156,-0.1558868344699285,4.232062339782715,0.0021025213044291984,-0.12389814136372773,3.696649503707886,0.004517836410862704,-0.11973868056134059,4.12002116839091,0.0009191365582713237,-0.11523128700094608,4.175639947255452,0.000792258510288472,-0.12184466239403594,4.126920572916666,0.0008868789668971051,-0.11061199424537055,4.30864683787028,0.0011841478660547485
254,-0.147667466217224,3.262408987681071,0.0009228132121885817,-0.10107754170485524,3.51158078511556,0.0009048492492487033,-0.15264158013967827,4.257300011316935,0.002561106497887522,-0.11143608329197341,3.7140804211298626,0.0047294295470540725,-0.11618448506355929,4.127830298741658,0.001136712396206955,-0.12158540772722551,4.191148249308268,0.0010873837396502494,-0.12112223094245246,4.129476833343506,0.0005708560143830255,-0.11660767681153056,4.315289815266927,0.0009887806052574887
255,-0.15686084479488996,3.2714607954025268,0.001276116888038814,-0.11174470095826501,3.5245406230290732,0.0011059946574581167,-0.1556858244850436,4.254455137252807,0.002354766746672491,-0.11041148182561192,3.744036324818929,0.004739245415354768,-0.12113212388903458,4.153260485331217,0.001261737438229223,-0.12002256411316628,4.192890214920044,0.0008822229904277871,-0.12052670063106144,4.153896156946818,0.0005390015818799535,-0.11776193818697432,4.328843784332276,0.0006011673191096634
256,-0.1673473994838437,3.2931570291519163,0.0010187687119469046,-0.09694000078401506,3.507701778411865,0.0010569581955981752,-0.15210515408812345,4.264582459131876,0.0018579281032240639,-0.1233858328532603,3.7496601343154907,0.005186288966797292,-0.12024819916021287,4.1518223762512205,0.0010208577751958123,-0.11326137748656076,4.194638363520304,0.0007678873371332884,-0.1198365302370009,4.167921797434489,0.0007162942851815994,-0.1146478039220329,4.3351262728373205,0.000543539339560084
257,-0.15002392311124463,3.289570347468058,0.0010084894621589533,-0.0922965582826299,3.551831905047099,0.0009341099047257255,-0.15428008932073534,4.291568994522095,0.0016431544441729783,-0.13562006846887145,3.7418315490086873,0.0045000430739795165,-0.11931450724385315,4.1746409893035885,0.0009895542035034547,-0.1081910244281655,4.218100007375082,0.001002402396989055,-0.12198746153541719,4.160569953918457,0.000596409627663282,-0.11359641505107203,4.348614899317424,0.0006748008192516864
258,-0.1529528115767018,3.2999323844909667,0.0010506041153954962,-0.10652625242852527,3.525904822349548,0.000861930205913571,-0.15282448554962288,4.290167729059855,0.0019429691485129297,-0.11884841158815944,3.7490818023681642,0.0049515193793922664,-0.12457690577966979,4.168553956349691,0.001230201767369484,-0.10667218140342684,4.230226818720499,0.0008777645911322906,-0.11681437591737982,4.1638834794362385,0.0005622066285771629,-0.10491185756710221,4.3679124514261884,0.000759090666542761
259,-0.15366159450227826,3.314884328842163,0.0010599178679209823,-0.10426819299993698,3.5381105264027912,0.0013064528699032961,-0.14864210600149946,4.30918976465861,0.0020847614000861843,-0.11508075284792385,3.7963314215342203,0.004622877521129946,-0.12218728820666819,4.170534070332845,0.0011089597731673468,-0.11159364928596498,4.232330290476481,0.0007048939412925392,-0.12530638528791269,4.165399519602458,0.0007787175272824243,-0.11225269092755477,4.364329353968302,0.000797244519344531
260,-0.1570240615459227,3.322614622116089,0.0010401515290141105,-0.09739841229439375,3.5609911759694417,0.0013098739592048029,-0.14476758791950453,4.316862026850383,0.002244968603675564,-0.14529912179581153,3.7835141817728677,0.006301336906229456,-0.11273167748697036,4.1841293176015215,0.0008824710675980896,-0.10483719460404714,4.232529497146606,0.0007665533776162192,-0.12075128171555922,4.179310766855876,0.0006887831249817584,-0.1096651204981217,4.374152247111002,0.0007001102222905805
261,-0.14159686461006266,3.335694177945455,0.0012971456822318335,-0.10777500699429353,3.55349071820577,0.0012757528068808217,-0.14674779232060894,4.306818437576294,0.0019821639677199223,-0.11655288918567235,3.7818584124247234,0.007401112567943831,-0.11038284065020804,4.207260815302531,0.0009563005432331313,-0.10268258074030177,4.238929859797159,0.0007031765844052036,-0.13135769709871728,4.195325644810994,0.0007866393871760617,-0.1189141538980047,4.368869479497274,0.0007714197466460367
262,-0.15845874007125682,3.348441783587138,0.0011749451766566684,-0.09982948554008184,3.5817485491434735,0.0011679433713046212,-0.15711760564863114,4.339595222473145,0.0018443972357393553,-0.12197553961731347,3.8055922587712607,0.004650210045898954,-0.11625102594803562,4.197463274002075,0.001060529953489701,-0.10229341080682701,4.25170111656189,0.0007841789639011647,-0.11851130634503106,4.192613410949707,0.000609637201220418,-0.11367522049100845,4.392233276367188,0.0007759137913429489
263,-0.14237139589911604,3.3533366441726686,0.0015660338336601853,-0.09939696974669866,3.586667195955912,0.0012750129855703563,-0.15142120398166814,4.340795246760051,0.0020638262464975315,-0.11772227757955062,3.8176054398218793,0.005142889024379353,-0.11496393327206857,4.202110735575358,0.0012250870757270604,-0.09986516408871071,4.2676618258158365,0.000761160918045789,-0.12161908847515815,4.212223466237386,0.0005272340204101056,-0.11628668629805665,4.392854960759481,0.001037549499111871
264,-0.14325976254469283,3.3681080818176268,0.000989500149929275,-0.10392853758250295,3.560992876688639,0.0009264256494740645,-0.15289314261208928,4.365658887227377,0.002544043496406327,-0.10719196030970643,3.8337777853012085,0.005399526267622908,-0.12352212806767701,4.221588977177938,0.0010575229631892096,-0.1045506127031157,4.247947740554809,0.0008713028519802417,-0.13422946921802517,4.219839080174764,0.0005921038110197212,-0.10998916441349212,4.405661948521932,0.0010144946825069686
265,-0.15794493944518442,3.3808255275090535,0.0008674751656750838,-0.09756478897141377,3.610334865252177,0.00107083737772579,-0.15401634198509265,4.372104501724243,0.0018699817902718982,-0.12205941461061288,3.8169246991475423,0.004973524591575066,-0.1245123324182585,4.230671787261963,0.0008928607062747081,-0.1108298225514719,4.257362111409505,0.0011031565547455103,-0.12891065714419156,4.230360921223959,0.0005937047525852297,-0.11136898753034492,4.411930799484253,0.0007039910027136406
266,-0.14913848787327938,3.384973231951396,0.0008950015471782535,-0.09684261105645314,3.6115029732386272,0.0009039597469381988,-0.15399055334476935,4.386266756057739,0.0020853157504461704,-0.12223860313431738,3.8275633255640664,0.005323327705264091,-0.119453475926498,4.233833821614583,0.0016039170033764095,-0.1118222053534139,4.285688781738282,0.0008786648065627863,-0.131958327583898,4.2450995445251465,0.0007162182630660633,-0.10710226780685653,4.4201606909434,0.0006934038615630318
267,-0.1509097093241393,3.3803583780924478,0.001591385796200484,-0.11475551209776567,3.6067227681477863,0.0008080148953013122,-0.1606350316047125,4.396156231562297,0.002070440126893421,-0.12172828246237603,3.832322947184245,0.00516561383071045,-0.124546920048473,4.233948485056559,0.00098861965816468,-0.11437335401002964,4.286847972869873,0.0010266527727556725,-0.12541883196014678,4.228007300694784,0.0011445185509122288,-0.11478629471579732,4.430914354324341,0.0007939162780530751
268,-0.15295604122196757,3.405850052833557,0.0008644027053378523,-0.10330698177239288,3.6176548560460406,0.0011660065734758972,-0.15536640514529798,4.400282748540243,0.0022868069742495814,-0.11184101168343864,3.8864845991134644,0.005491173019011816,-0.12202355810238669,4.25395835240682,0.0009893163728217284,-0.10518924522700762,4.303678274154663,0.0008553890453185886,-0.12914079847286258,4.246100695927938,0.0011878054909175261,-0.117268258217592,4.457355896631877,0.0007539200654719025
269,-0.153025608328567,3.4177569150924683,0.0009743749668511252,-0.10443736742690515,3.6650489886601765,0.001114852159904937,-0.15813669256590862,4.409153525034586,0.0020024666174625356,-0.11733268762034371,3.865327739715576,0.005801779303389291,-0.12558090503359567,4.244249471028646,0.001070245982070143,-0.10611812364212003,4.3071825981140135,0.00111740879365243,-0.12491888633336824,4.274627733230591,0.0006481271770705159,-0.11441354438224713,4.446077903111775,0.0009339196394042422
270,-0.14841116081485334,3.4243175347646075,0.0007730615596907834,-0.11091533948588542,3.6314022461573283,0.0016238512742953995,-0.16057391891464398,4.419405062993367,0.0021486359221550328,-0.11883292379200636,3.89462788105011,0.005442533222958445,-0.12012458643765682,4.2689022382100426,0.0012278362875804306,-0.11566999806745251,4.320309321085612,0.0008617570061081399,-0.12768868135777914,4.264174524943034,0.0008712432230822742,-0.11291900960994315,4.458447980880737,0.0014743915060535073
271,-0.15570649924965121,3.420283381144206,0.0009258677465065072,-0.11766339573494539,3.669236485163371,0.0010632441117195413,-0.14457608888692122,4.437919537226359,0.0023485586299405743,-0.14295889300426365,3.8893327713012695,0.005413157997342447,-0.1250013629253607,4.266317351659139,0.0011908892600331455,-0.1119858887237187,4.314296420415243,0.0009126295743044465,-0.12132024990871776,4.292804447809855,0.0005764782128001874,-0.11399582215474058,4.470132478078207,0.0009253079896249498
272,-0.16576390515289666,3.4503888924916586,0.0011033943757259598,-0.0898488073136164,3.6488617579142253,0.0011424126181130607,-0.1561532475022041,4.445536740620931,0.001966362252521018,-0.15350831820453167,3.901366424560547,0.005024498274239401,-0.126859833998497,4.2820406277974445,0.00210206337311926,-0.11454442303066877,4.328250217437744,0.0008981150885423024,-0.11995389231855945,4.286962572733561,0.0006393819397392994,-0.11237487976655727,4.4782111008962,0.0007004508118067557
273,-0.1577494198473251,3.460853274663289,0.0016043523268308491,-0.09985715253300179,3.6380136092503865,0.0010538617614656686,-0.1650177115044419,4.45136030515035,0.0020207956161660454,-0.12903502532849545,3.943889832496643,0.005264735283950965,-0.12817947312154862,4.294584353764852,0.0012757722676421206,-0.10966937252868013,4.33867556254069,0.0011463374074082821,-0.12492959508899777,4.3113895098368324,0.0005681724976360177,-0.10854678253248157,4.486136372884115,0.0011549935346314062
274,-0.1403234940038351,3.468445976575216,0.0021171997340085607,-0.10783259228173954,3.65983993212382,0.000918373321959128,-0.15961000559537628,4.482213894526164,0.001964061175628255,-0.11765615917071733,3.952028505007426,0.0050739726517349485,-0.11403501360261022,4.311270491282145,0.001074514400291567,-0.09759774654986453,4.344940725962321,0.0010239091042118767,-0.1255488096433943,4.311165873209635,0.0006981987021087359,-0.11181893441781487,4.494972006479899,0.0008395467923643688
275,-0.13960730140756936,3.4656480312347413,0.001215762513068815,-0.11087208397540047,3.67829167842865,0.0009590934108321866,-0.15910993992644903,4.480997323989868,0.00224465080924953,-0.13327407873169037,3.9204078753789267,0.0046915888165434206,-0.120480434040554,4.294764773050944,0.0011987372864192972,-0.10041704305936924,4.34820663134257,0.0007529207282156373,-0.12769893777437777,4.331874291102092,0.0007553885234907891,-0.10834970017600101,4.507583856582642,0.0006873828038806096
276,-0.14805879557096466,3.481801748275757,0.0008014429748679201,-0.10440293303389568,3.6876606702804566,0.0013390623653928438,-0.15418435630616598,4.487617921829224,0.0017411672859452664,-0.1176970104870095,3.977409593264262,0.005159087424787382,-0.12355505513363921,4.308255338668824,0.0009482334726878132,-0.10920177475325034,4.361249891916911,0.0009036434513594334,-0.12560739526464662,4.338924932479858,0.0008316144308385749,-0.11474443322350619,4.508396291732788,0.0007533275832732519
277,-0.142146783437397,3.4991081317265826,0.0007739421174240609,-0.09962959489302742,3.680439098676046,0.0021453794771029303,-0.14280329169250766,4.514439233144125,0.0019912749955741066,-0.10935678010828186,3.967167059580485,0.005790525084982316,-0.12282670840580982,4.3233839193979895,0.0009938365352960925,-0.104474238536206,4.362601709365845,0.0010595342920472226,-0.1258775990745798,4.3476401170094805,0.0010078673648725575,-0.10838569127969469,4.518764321009318,0.0008753778907703236
278,-0.15032245493683083,3.4921632051467895,0.000786496502890562,-0.11329941991820174,3.695274027188619,0.0015173293048671135,-0.15155798716649813,4.507959206899007,0.0020897601925147077,-0.11581492479872983,3.9567982117335,0.006930146513817211,-0.12276898151360574,4.337714083989462,0.0011055635812226682,-0.10299309042218911,4.3777767817179365,0.001217996190340879,-0.12375230953959673,4.346490128835042,0.000779661307266603,-0.11057105855708681,4.529848353068034,0.0006964047517006596
279,-0.15010524923888113,3.5113066991170245,0.0008468352801476916,-0.1221609449423553,3.695367519060771,0.0009699015994556248,-0.1561919622326435,4.531156047185262,0.0025955551924804845,-0.11487356647013985,3.9690563996632893,0.005552835832349956,-0.12218820023160396,4.341996796925863,0.0012355945189483463,-0.10999400288571398,4.385564756393433,0.0007258643473808964,-0.12801601887965633,4.368554178873698,0.0007557970355264842,-0.10932675377276856,4.543380705515544,0.0008442819273720185
280,-0.14967102093589607,3.5283523082733153,0.001179299752887649,-0.10566623220025559,3.677212182680766,0.0009322523023001849,-0.1597828722602113,4.537426503499349,0.0024374909854183594,-0.10602562318181179,3.9734599431355795,0.006602475730081399,-0.11803872439184536,4.350909662246704,0.0011175752675626426,-0.09896727348666554,4.379666598637899,0.0007646671205293387,-0.12598492873910577,4.353838109970093,0.0006929262715857476,-0.11310956679326452,4.554343223571777,0.0008361508002659927
281,-0.16380414023326786,3.5261495033899943,0.0011512539097263167,-0.09881610545467363,3.7247671922047934,0.0010790483638023337,-0.15756344823559526,4.552907673517863,0.0028698641379984718,-0.11413782224067594,3.9756486972173053,0.005697765985193352,-0.12219064687158085,4.3532029787699384,0.0012573769762335965,-0.1016530564242132,4.392050584157308,0.0009971890559730431,-0.1318035858201737,4.373483403523763,0.0007232360891066492,-0.1050890029232738,4.55089259147644,0.0009530221364305665
282,-0.16701568667752859,3.5441565831502277,0.000906555422504122,-0.10656684934585953,3.734432895978292,0.001048286917891043,-0.15691409201694337,4.560266383488973,0.0021573453249099355,-0.1293776275627876,4.003935933113098,0.005513278938209017,-0.11849805606753015,4.362048482894897,0.0008265308143260579,-0.0991372840254987,4.395022551218669,0.0010104536942283934,-0.1343452600439061,4.392966858545939,0.0008701993860692407,-0.11440760768279375,4.5647687911987305,0.0009055739870139708
283,-0.16091559010389,3.538759469985962,0.0009419530785332123,-0.10330237637333,3.7315706253051757,0.0009529618371743708,-0.166416557742633,4.584055852890015,0.0022841336438432338,-0.11979714881014959,4.038100449244181,0.005820381330947081,-0.12651600678543004,4.3678515434265135,0.0010979465577596178,-0.10655232145104457,4.3988170941670734,0.0008623244299087674,-0.12598409359825888,4.387515370051066,0.0011172590175798783,-0.11656760449364278,4.571595637003581,0.0012638140372776736
284,-0.14824217613112856,3.553274075190226,0.001016722619533539,-0.09615497628786798,3.7446173191070558,0.00113443435014536,-0.16224467631026096,4.5619650681813555,0.00234611020811523,-0.12728017839861266,4.048228184382121,0.005901051506710549,-0.1259723451283931,4.401115274429321,0.0023818950653852274,-0.10970369740243804,4.410409927368164,0.0009405142453033477,-0.1229915164861602,4.418827263514201,0.0007408783868110429,-0.11726097810210583,4.573351351420085,0.0010885464823028694
285,-0.152737498434272,3.5715333143870036,0.0013059301612277825,-0.09105878705593182,3.7692678372065225,0.0011368669162038713,-0.17138585800188905,4.578361892700196,0.002217387741742035,-0.10375837987823891,4.020878346761068,0.005760039924643934,-0.13515351523349406,4.398777214686076,0.0010752037963053832,-0.11488802500538281,4.414979950586955,0.0010599789073845991,-0.12323807912062328,4.4248510837554935,0.0007177521649282426,-0.11884666656618473,4.565014934539795,0.0008358628993543486
286,-0.15282032626861117,3.5635054190953572,0.000940067321062088,-0.11405393449401549,3.744007873535156,0.0013228630918699007,-0.15707867555150973,4.600415468215942,0.001995237924469014,-0.11970390967133418,4.071729270617167,0.0060402591247111555,-0.13432158792379473,4.394559415181478,0.001043177394118781,-0.11291228988085864,4.41664899190267,0.001846906344871968,-0.12059240777722009,4.443829266230265,0.0006170071768186366,-0.11278163356617936,4.5812893549601235,0.0009541217334723721
287,-0.17025283213218997,3.579124029477437,0.0009582654670036088,-0.10240184365960096,3.7285827000935874,0.0012132924263520788,-0.15835990650765452,4.602137756347656,0.002250023954547942,-0.1186756304724479,4.055316162109375,0.006305192519600193,-0.12678278564251896,4.4085904916127525,0.0009269394019308189,-0.12412391553152144,4.450850375493368,0.0010832684056367725,-0.11768028162393757,4.429743099212646,0.0010323248173032577,-0.1187402775884085,4.60661735534668,0.0009430028575782974
288,-0.15049773828838525,3.5958651304244995,0.0008621783228591085,-0.0994301483619046,3.75330007870992,0.0009755657015678783,-0.1676190934944802,4.6396602948506676,0.0023997301623846093,-0.11700556133025715,4.095520456631978,0.005131742164182166,-0.12264051236589156,4.422192144393921,0.0010440990095958113,-0.11101530447068016,4.440114768346151,0.001016767500550486,-0.12958662966922987,4.4330992539723715,0.001022307388484478,-0.10827636034182196,4.5991845925649,0.0009193749302842965
289,-0.14479680357996147,3.619868771235148,0.001158099949437504,-0.09971357696852548,3.8042951742808024,0.0009715639151788006,-0.1676354260768578,4.63498748143514,0.002450853295158595,-0.12360279581926945,4.073189600308736,0.005696794134564698,-0.11510727335724616,4.428389755884806,0.0013120209681801499,-0.10724799378346288,4.445339107513428,0.0008750351650329927,-0.12232380465890307,4.463037395477295,0.0006811746231202657,-0.10845387105930879,4.630444208780925,0.0008609098033048213
290,-0.15570563464438938,3.620273566246033,0.0009250477868287514,-0.0912928771923779,3.7968913555145263,0.0014252785341038058,-0.15975694761463705,4.636162694295248,0.002188078477047384,-0.11826619896696494,4.106566023826599,0.007128075774138172,-0.11955388495797549,4.457410287857056,0.0011636625393293798,-0.11092324450274432,4.449358908335368,0.001390078803524375,-0.11879165910099457,4.466138490041097,0.0007319116217937941,-0.10891845209176464,4.623437738418579,0.0010526694066356867
291,-0.1562356976307955,3.6453641414642335,0.0010811649185294907,-0.09911681126754258,3.7885800997416177,0.0013708081697889915,-0.15927163967870753,4.650631475448608,0.002407245132296036,-0.12502336963668395,4.107421461741129,0.00585331863258034,-0.12114847618978004,4.447893142700195,0.0011885966814588755,-0.12001636119547313,4.457890685399374,0.001424008534134676,-0.11684358350497533,4.469723463058472,0.0006786221570412939,-0.10544245101893747,4.631669060389201,0.0009475796987923484
292,-0.1493507671879592,3.637812868754069,0.0013254424964543432,-0.11971959112037021,3.7994057019551595,0.0010665836899230877,-0.15915591735266257,4.673673502604166,0.00222524458852907,-0.10986320873711145,4.1379256884257,0.0053198412448788686,-0.11699571195158037,4.4580358823140465,0.001433290009542058,-0.11048513133751199,4.476446151733398,0.0011579638909703742,-0.12403498606978568,4.487823629379273,0.0008884071391851952,-0.11312478752527245,4.625909233093262,0.0007833518689343085
293,-0.15363673021627963,3.654132294654846,0.0011232654273044319,-0.104826924099511,3.809407130877177,0.0013211383717134594,-0.15507534103823947,4.667727406819662,0.002323294644399236,-0.11701882381770802,4.113758301734924,0.006271765761387845,-0.12314987318762852,4.4534108956654865,0.0011007486512729276,-0.11279620821604244,4.4944056669871015,0.0008110614920345446,-0.13040597960204794,4.498046398162842,0.0008816230401862413,-0.1174689117893233,4.645938475926717,0.0010636569611961022
294,-0.1517112036311946,3.6625454743703205,0.001166743990809967,-0.10300467877445649,3.817546240488688,0.0012512203325362255,-0.15294530627137215,4.680540784200033,0.0022734806640073656,-0.11776473416961829,4.125949581464131,0.007242138970953723,-0.11913184458614402,4.457593520482381,0.001093092979863286,-0.10918117269657139,4.474532636006673,0.0011381454523264741,-0.1276981231645953,4.503185764948527,0.0009281897723364334,-0.11233674633677909,4.6546096483866375,0.0007936264844223236
295,-0.14981961062210428,3.6642494201660156,0.0008653478056658059,-0.1054306307479888,3.820797316233317,0.0011621510047310343,-0.15318203862393956,4.685927073160808,0.0030793299549259244,-0.11444212573643237,4.125776195526123,0.006784707199161252,-0.11415869583179684,4.472794230779012,0.0010954785121915242,-0.11247059332450453,4.489017852147421,0.0007878877620290344,-0.12497886122681108,4.511290979385376,0.00106267977389507,-0.1120800037972799,4.6552162329355875,0.0008438992808805779
296,-0.13172169692682198,3.6780811071395876,0.0009037484414875507,-0.09500496050831873,3.822084991137187,0.0009994346532039345,-0.16133936783204564,4.716873518625895,0.0031913473658884564,-0.11885039487807224,4.119518756866455,0.0058229245943948625,-0.12047805511441599,4.4800238609313965,0.0012068288847027968,-0.11026871482387218,4.502031103769938,0.0011125936269915351,-0.12154727320443416,4.513022089004517,0.0008485224922575677,-0.1203272187006901,4.657924191157023,0.0020730023873814694
297,-0.1360055875394753,3.6812437057495115,0.0013471247346994156,-0.09897497867074907,3.8040942668914797,0.0011819873432007929,-0.14837363405001083,4.71486463546753,0.002272213522034387,-0.11954338911350863,4.178216322263082,0.0059481935109943155,-0.11825624199732437,4.4825239181518555,0.0015422005652605244,-0.11219525066891155,4.523237562179565,0.00089795018817919,-0.1225567124414242,4.5246411800384525,0.0008063661749474704,-0.11199648947447892,4.683959563573201,0.0009757974621606991
298,-0.1328406684935969,3.6977973143259684,0.001060223476573204,-0.10521550568819057,3.8689483722050984,0.0012080404170167942,-0.1549410008799296,4.720490980148315,0.002273258256415526,-0.09877730806455566,4.169137907028198,0.006649110109234849,-0.12107919984758807,4.49521689414978,0.0011934602303275217,-0.10837275358029771,4.518116156260173,0.0009156299851989995,-0.12164203565416949,4.544504801432292,0.0012120135768782347,-0.10312404148279161,4.681456708908081,0.0009479133586864918
299,-0.12941330560590056,3.6990972995758056,0.0008562568342313171,-0.10320716059238413,3.848386772473653,0.0015778954237854728,-0.15386707537411487,4.74370846748352,0.0024067578565639754,-0.13027769130200842,4.177768754959106,0.005881346777702371,-0.12040035961000957,4.520713535944621,0.0013944933617797992,-0.1067151113515235,4.523489236831665,0.000880819361191243,-0.1289318847833487,4.552335453033447,0.0014630666972758868,-0.1104417157110605,4.70051973660787,0.0010279542989640807
300,-0.13145383438389927,3.7157561063766478,0.0011268297850620002,-0.1061938694166365,3.860530201594035,0.001803741274246325,-0.15527722534810168,4.73252649307251,0.0020005027763545513,-0.12187930711061731,4.176231575012207,0.0065381265866259735,-0.12343262680664521,4.499734560648601,0.001180046241885672,-0.09799043165612861,4.527507623036702,0.0008645022540198018,-0.12731506817211427,4.554977305730184,0.0006850781239336357,-0.1086625451715159,4.709202257792155,0.0017584634149291863
