Episode,commercial_p1_reward,commercial_p1_actor_loss,commercial_p1_critic_loss,commercial_p2_reward,commercial_p2_actor_loss,commercial_p2_critic_loss,industrial_p1_reward,industrial_p1_actor_loss,industrial_p1_critic_loss,industrial_p2_reward,industrial_p2_actor_loss,industrial_p2_critic_loss,institutional_p1_reward,institutional_p1_actor_loss,institutional_p1_critic_loss,institutional_p2_reward,institutional_p2_actor_loss,institutional_p2_critic_loss,residential_p1_reward,residential_p1_actor_loss,residential_p1_critic_loss,residential_p2_reward,residential_p2_actor_loss,residential_p2_critic_loss
1,-0.20155604091629928,0.0,0.0,-0.42614323887244715,0.0,0.0,-0.2856861539288368,0.0,0.0,-0.2798139543530589,0.0,0.0,-0.29207553834917477,0.0,0.0,-0.3797969022130062,0.0,0.0,-0.15879165778853357,0.0,0.0,-0.3777351810032666,0.0,0.0
2,-0.20045529216546812,0.0,0.0,-0.43785795819236356,0.0,0.0,-0.2839967778672467,0.0,0.0,-0.2762253436287739,0.0,0.0,-0.2991121364860171,0.0,0.0,-0.3842200801534959,0.0,0.0,-0.1726027224041472,0.0,0.0,-0.3829776624899816,0.0,0.0
3,-0.19608247855655442,0.22943658768026917,0.0033731846013796275,-0.3885591648417945,0.26056768358857546,0.023801939613703225,-0.28704170976913906,0.24186476292433562,0.007754781809462993,-0.2935789383959249,0.2881294712424278,0.007948909426987585,-0.2896535270482367,0.19570530971719158,0.00949318287462962,-0.3808355247809693,0.3134031328890059,0.017285377860793635,-0.17140797317802103,0.050443834237133466,0.0034089346989747828,-0.35867213553278676,0.42489057448175216,0.015049826819449663
4,-0.3534495523513496,0.26093241075674695,0.003594199886235098,-0.1713553934675829,0.1706121161580086,0.0019133438472636044,-0.3823293432923184,0.27250281075636545,0.0032071184483356773,-0.35736707235159076,0.3443696195880572,0.002254341178922914,-0.3588665736580923,0.20487517317136128,0.0028506588966896135,-0.3869375076784272,0.3432049890359243,0.002182772767264396,-0.3064665968531405,0.06481801041712364,0.003414054102419565,-0.2828411688580555,0.3536868174870809,0.001690606811704735
5,-0.409695059642081,0.4449102242787679,0.0015089500511142736,-0.11697460124829166,0.15485002025961875,0.0014180522062815725,-0.4224180807332258,0.4479725023110708,0.0008731547384134804,-0.3369915079265659,0.3844566067059835,0.0010454129000815253,-0.41339615208287644,0.40720835129419963,0.0009856794902589172,-0.3374111630067048,0.41907476087411244,0.0015530983335338532,-0.3448221311645904,0.21954154819250107,0.002114426391199231,-0.23619888991159713,0.43185836176077524,0.0007208630365009109
6,-0.33769643399029914,0.453221794962883,0.0008525866685279956,-0.09895569536158917,0.19562987834215165,0.00137696992023848,-0.3859672357644087,0.45409396092096965,0.0006830823762963216,-0.3210257969695508,0.4644648104906082,0.0007637258783991759,-0.42135201732706384,0.42211990157763163,0.0006783682484334956,-0.2938683834746564,0.4098678489526113,0.0008674260927364231,-0.22246369330467722,0.15363589773575465,0.0008725610076605032,-0.2212139764167964,0.4656048317750295,0.0005077562915782133
7,-0.30292625118716543,0.41235357920328775,0.0011253558409710725,-0.1280282453113563,0.21495051980018615,0.0013399748674904307,-0.33798231636195525,0.4477550357580185,0.00045485844214757283,-0.30861182492305994,0.4461821983257929,0.0006357894725321482,-0.3351699014296982,0.3950514862934748,0.0006434156889251123,-0.2892166849260479,0.4436582376559575,0.0007832133822375908,-0.23273906039893266,0.16594093988339106,0.0007507658156100661,-0.22289160041388753,0.45087884763876596,0.0004998811869882047
8,-0.2951435041753248,0.4569852431615194,0.0009254984984484811,-0.10611328485140144,0.22203264733155567,0.001427942623073856,-0.2923689238859298,0.45553433696428935,0.0002734604121845526,-0.30885650033580797,0.4949826568365097,0.0011409707736068715,-0.3144933478281756,0.3710530330737432,0.0007375061880641928,-0.29569800111693767,0.4849317898352941,0.0004828325647395104,-0.1730534793497615,0.17523258179426193,0.0003703685768414289,-0.20794348343087155,0.49071667393048607,0.000427274345808352
9,-0.2417474435230326,0.43475490311781567,0.0004951622967685883,-0.12142433282006149,0.22048446983098985,0.001362140201187382,-0.29534481795417894,0.4710769087076187,0.00026059385418193416,-0.29503061305753747,0.5158717970053355,0.0006063091772375628,-0.34362974031229065,0.4657018184661865,0.0005927655855581785,-0.3243640394130737,0.5248083670934042,0.0005036383372498676,-0.19311829771139452,0.16866438388824462,0.0004251993678432579,-0.19703731020950252,0.4865021894375483,0.0003777325318272536
10,-0.34008990934758576,0.4945723960796992,0.0012635260995011778,-0.13425284368342544,0.2150778740644455,0.0012454640062060207,-0.321200931140509,0.5296296109755834,0.0005279131466522813,-0.269377507047618,0.5292219241460164,0.00046338217992646,-0.2682434746157655,0.44260213971138,0.00031892452243482695,-0.26419680836797027,0.5028606812159221,0.00044243422259266176,-0.24378172873322662,0.24021116346120835,0.00046157386483779795,-0.18543439766573705,0.4991082121928533,0.00035296464629936964
11,-0.28144127644248285,0.5614107688268025,0.0008852974783318738,-0.1374028541764437,0.2316935847202937,0.001343357147804151,-0.28550276212282394,0.5415675779183705,0.0003198619238294972,-0.2543619890826918,0.5369077404340108,0.0003811979452924182,-0.31391636705132814,0.45061952372392017,0.00038904819618134446,-0.2802922448225357,0.5266624023516973,0.00035287025093566626,-0.16452617066264177,0.21996676921844482,0.0002606016059871763,-0.21881019713690378,0.512733041246732,0.00029605880748325336
12,-0.25084098797921084,0.4993458867073059,0.0005734515599518393,-0.12694274713268655,0.24100032746791838,0.0013263994362205267,-0.29864925269955517,0.5629403114318847,0.0003560106764780357,-0.2889237647761695,0.5650103350480398,0.0004482503160640287,-0.30996028972683387,0.5232121924559275,0.0003788736003722685,-0.2883808805133134,0.579632705450058,0.00023093386019657676,-0.2138036732282256,0.21625080307324726,0.0005369170408812352,-0.21682934422043718,0.5545226335525513,0.0003300152951851487
13,-0.3408793473580218,0.5903968751430512,0.0008172487025149167,-0.1343624595839857,0.22714642335971197,0.0013241840604071816,-0.3003135799122123,0.599783883492152,0.000304804654539718,-0.2668060007351459,0.6117814461390177,0.0005327942829656725,-0.2832977215585604,0.5220685501893362,0.00029603242340575284,-0.29811174611121277,0.594611132144928,0.0002703548617622194,-0.23799812969373937,0.2994198501110077,0.0004815609330156197,-0.2221984291875276,0.5729166825612386,0.0003107010086144631
14,-0.22723012302322423,0.6007491171360015,0.0004946776190384601,-0.1614488915991806,0.27205083618561426,0.0012572892825119197,-0.2844063631419742,0.6283042629559835,0.0003044744429644197,-0.23753151479335793,0.6211716910203298,0.0004030412392845998,-0.3184092382469633,0.5655342876911164,0.000488109986569422,-0.2834669428448956,0.6326067904631297,0.00023122707061702387,-0.17002784478843921,0.28438939452171325,0.00029372439700334023,-0.22858408983267048,0.5992571671803792,0.0002877484754814456
15,-0.19014243767222685,0.5827491362889607,0.0003637011075625196,-0.14127229829913673,0.3074731638034185,0.001294300617882982,-0.2783458281427332,0.653485651810964,0.00029094850081795207,-0.2918592370679284,0.646730117003123,0.0005320366045149665,-0.28987810012744686,0.6024458050727844,0.0004320109156348432,-0.2574542425966725,0.6323411881923675,0.0002166750971809961,-0.16898519674858678,0.26696875790754954,0.00025890239582319435,-0.22327169277561207,0.6353849411010742,0.0002862422091614765
16,-0.2258650180201354,0.5910807907581329,0.00048724433969861517,-0.15826487934131026,0.3157017787297567,0.0012766759551595896,-0.25270433234975326,0.6796999911467234,0.00028739327244693414,-0.29985045338437444,0.6903797626495362,0.0007485127280233428,-0.2987500712425439,0.6065987666447957,0.0004455028897306571,-0.28550789506432517,0.6655243853727977,0.00025938516191672536,-0.2857689828119714,0.3174973120292028,0.0007279907411430031,-0.22782184815895323,0.6330661376317342,0.00028316056220016134
17,-0.25951887228704057,0.665312937895457,0.0005371381596584494,-0.17008788709878248,0.33944530884424845,0.001312007192367067,-0.28064694989212324,0.6997261802355449,0.00038669351294326286,-0.29132670845666353,0.7034982283910115,0.0006565471674548462,-0.28264230432774023,0.6412241141001384,0.0003937474873964675,-0.23390712166387542,0.6893050928910573,0.0002924219472333789,-0.23245581246917754,0.3731754203637441,0.0005311685313548272,-0.21717074632494435,0.6460521817207336,0.00025389297370566056
18,-0.1971351103270459,0.6684856077035268,0.00041360446193721144,-0.1880372370703407,0.39070281783739724,0.0011765821507045378,-0.26692793300012807,0.7306568066279093,0.00038447403251969564,-0.3191448285089364,0.7221098065376281,0.0006725660835703214,-0.27336471305409366,0.6528578738371531,0.0003631186021569495,-0.26261192682449636,0.7136360804239908,0.0002235397720748248,-0.22496142397282168,0.3021259278059006,0.0005534989167548095,-0.24483800338342998,0.6954000552495321,0.0003949954499451754
19,-0.17981521663123104,0.6671319047609965,0.0003282523830421269,-0.17971536116401127,0.40903111298878986,0.0011218118520143132,-0.27400289171759995,0.7515201111634572,0.0003512829823497062,-0.3550210595859899,0.8023225088914235,0.0007788559538312257,-0.2487477006774295,0.6818075299263,0.00031739265978103504,-0.23230715203774563,0.7432168642679851,0.00023367755638901145,-0.31026203086240645,0.3877152740955353,0.0008150026017877584,-0.20817879695055316,0.7086485028266907,0.0002995908236092267
20,-0.20003252811584965,0.6811365147431692,0.0003348307218402624,-0.18923724876482498,0.43119193116823834,0.001163253620810186,-0.29787973302213594,0.7889460305372874,0.00043836531355433784,-0.3498283011784621,0.8446273446083069,0.0007200834981631488,-0.24625365419509934,0.6852398554484049,0.00031711889556997145,-0.23558190157443357,0.7666125694910685,0.00021308713185135274,-0.2016580526997597,0.39362426300843556,0.0005225384025834501,-0.17718742385361347,0.711349739631017,0.00031217378709698097
21,-0.2120508226531711,0.7091352840264639,0.0004033197998069227,-0.19077249905450513,0.45396338899930316,0.001249927724711597,-0.27754102966332367,0.8243758519490559,0.0002925519928491364,-0.2755080346478654,0.8120335300763448,0.0006800362898502499,-0.2529089877091618,0.7389948646227519,0.00040638603968545794,-0.23965319015602804,0.7828522801399231,0.00025436735450057313,-0.18119545652031074,0.372384915749232,0.00041893077820229034,-0.21592509119503914,0.7396707117557526,0.0003264556328455607
22,-0.223328905670439,0.7410111606121064,0.00041257576910235606,-0.19313371762863898,0.48073479235172273,0.0010849843830025444,-0.2876023942019515,0.8489931643009185,0.0003047620120923966,-0.3098704383463158,0.8499789396921794,0.0007717969429601605,-0.20114651681637646,0.745528644323349,0.0003683753942217057,-0.23533494865563437,0.8166155258814494,0.0004287635553434181,-0.19402797345421846,0.40847093959649405,0.0006020058984480178,-0.20762956978301317,0.7734280010064443,0.0002833080230630003
23,-0.20629653522525657,0.7546890020370484,0.00038132551417220385,-0.18067090658560084,0.5058836271365483,0.0011671068554278464,-0.2775065028517618,0.8762320657571157,0.00032191649661399423,-0.29729911524237085,0.9160551011562348,0.0005946256588989248,-0.2403547798938235,0.7634072462717693,0.0003969437665849303,-0.21667191413125195,0.8379875481128692,0.00027406016452005135,-0.17626430363516593,0.4088553080956141,0.00034156069887103513,-0.18854232300359436,0.7864389955997467,0.0002630364271074844
24,-0.24230405252282067,0.7737957398096721,0.0004593739586804683,-0.17351898248087966,0.5307689815759659,0.0011794892217343053,-0.27337419871658836,0.9028201917807261,0.0002640724919425944,-0.2670951522578556,0.9188712259133657,0.0005783203028840944,-0.24982608966253184,0.8048219442367553,0.00043242681325258064,-0.2066394378963328,0.8556459466616313,0.00029051145150636634,-0.22409919778470924,0.43863598903020223,0.0004935536470535832,-0.1820500015697873,0.8032812893390655,0.00028959266734697545
25,-0.2543092597851358,0.8024486064910888,0.0005561617552302777,-0.18847343997508742,0.5561988592147827,0.0011572443201051405,-0.27813040668056505,0.9286731580893198,0.00035307075838015103,-0.23469265974449188,0.9254014392693838,0.0004634902599112441,-0.23724478658328277,0.8203592956066131,0.00030867996441277985,-0.20684888748347577,0.8800106247266134,0.0002217255464832609,-0.19023653961793435,0.4720677137374878,0.00038970558477255206,-0.1902809181817345,0.8233894685904185,0.0002932156348833814
26,-0.2685067109564837,0.8329934140046438,0.0008485660994968688,-0.15627380341814828,0.5433591743310292,0.0010939257180628678,-0.2567329999166394,0.9511548479398092,0.00048122516309376804,-0.26914682591592315,0.9546957472960155,0.0004869538388447836,-0.2895303083633881,0.8507453501224518,0.00045369234091291824,-0.19963894948553354,0.9069343288739522,0.0001992562999172757,-0.16577689726863748,0.44665297865867615,0.00026948339994608736,-0.16989164999288647,0.8453348239262899,0.0002893894319034492
27,-0.2624579514954898,0.8451488713423411,0.0005991430429276079,-0.14837467107915903,0.5575990696748098,0.001248799927998334,-0.24119266792427835,0.9762776831785838,0.00028867554356111215,-0.25224975752091944,1.002138231197993,0.0005032153489689033,-0.2620333918744232,0.9006035447120666,0.0004959532224650805,-0.1947856702463771,0.9249702374140422,0.00021314206484627599,-0.2145898986418124,0.47932033737500507,0.0004701826590462588,-0.185709294618612,0.8713870465755462,0.00025404415937373414
28,-0.2766142058745078,0.8861291527748107,0.0007282614863167206,-0.12323816421946997,0.5081062475840251,0.0012001935431423286,-0.24964426499274459,1.0103871742884318,0.00030673537015294035,-0.2288391197597002,0.9960776468118032,0.0005124847278542196,-0.24926660408775023,0.9152102947235108,0.00038476413513611384,-0.19242841260725543,0.949213961760203,0.0001803136197850108,-0.17598702457928095,0.4922265181938807,0.0003862214910138088,-0.17550766305690826,0.8822802126407623,0.00033675178807849687
29,-0.27642900254715724,0.9054269274075826,0.000627525335100169,-0.153168922635794,0.5315988938013713,0.0012262643547728657,-0.23802502657067717,1.04598019917806,0.000322947060825148,-0.2284372286775231,1.020250928401947,0.0004206596247968264,-0.23296829482159487,0.9269722461700439,0.0003968742520858844,-0.20001559744760916,0.9741592486699422,0.0002434100645283858,-0.16238370129587248,0.5135335564613343,0.0003304431438057994,-0.1630505572150579,0.9009054283301036,0.0005795318730330716
30,-0.2532352264559649,0.9175455828507741,0.0005161170634285857,-0.19229431152145615,0.5958721876144409,0.0013006468478124588,-0.22616068741647277,1.0608590126037598,0.00024979253648780284,-0.24021704843507735,1.0560981591542562,0.00043891454697586596,-0.24960171768655792,0.9375385562578837,0.0003482940524312047,-0.1808061373676325,0.9979754984378815,0.00017091554473154248,-0.16063028525293072,0.5332179447015126,0.00029212476850564903,-0.16866909529037002,0.9294906556606293,0.0004714231511267523
31,-0.25325294486548616,0.9440942366917928,0.0006649906717939302,-0.23276754206756178,0.6426226615905761,0.0012028019409626722,-0.2256688828667855,1.086358336607615,0.00027128577494295314,-0.24336545104050608,1.0974130551020305,0.00041676848874582596,-0.26599064741569606,0.9836490650971731,0.00034862394095398487,-0.17792186639401164,1.0167331357796987,0.00025573813618393613,-0.1473761679796325,0.5408016661802928,0.0002768927142218066,-0.15635152262177818,0.9457558373610179,0.00046846405069421356
32,-0.23972437160756246,0.9584476331869761,0.0005304517932624245,-0.2568163060903415,0.6605447749296824,0.0013458345861484607,-0.24240333832463373,1.1180017391840618,0.000259772193870352,-0.20461927340187408,1.1126925071080527,0.0003861131699522957,-0.23996493079861705,1.019680909315745,0.00046792129384508975,-0.1836686329952776,1.0377154151598613,0.0002373802756968265,-0.14875673769030565,0.5437532087167104,0.0003623470057694552,-0.18357042544868457,0.9562738239765167,0.0003905677338480018
33,-0.2940529280652561,0.9895318349202474,0.0007316060791102548,-0.23357144816864384,0.6907258888085683,0.0012485949206165969,-0.22697653222006012,1.1552569270133972,0.00034926630954335757,-0.20055951780086853,1.1118928869565328,0.0004067685120389797,-0.22332459295477328,1.03639657497406,0.00039511034944249935,-0.19291679281916807,1.0583077987035117,0.00021799056460925688,-0.14816701630546916,0.5628877798716228,0.00039027418048741914,-0.1614167164211989,0.976758348941803,0.000316724696313031
34,-0.253572008575665,1.0286949535210927,0.0006225938802041734,-0.2438723381399092,0.7078434228897095,0.001287415474265193,-0.20242947046342205,1.177500808238983,0.00025297443353338166,-0.20447499276440642,1.126680862903595,0.0005291743388321871,-0.2329116454208508,1.048223082224528,0.00037311786193943894,-0.1966024501562911,1.079290779431661,0.00020403840195892068,-0.14982323878155918,0.5702512999375661,0.00039281420128342386,-0.1614627080952298,0.9969715495904287,0.000286977544601541
35,-0.23764475181457986,1.041359410683314,0.0004909143618230398,-0.25325871098128805,0.7660394807656606,0.001199659132786716,-0.1876856535403969,1.197995944817861,0.00024544778231453773,-0.22958489388583814,1.167055368423462,0.00039203098179617276,-0.2558464457611651,1.075814155737559,0.0004068919729130963,-0.201229336894369,1.1164424022038777,0.00018578184074916255,-0.166875575570788,0.5855763792991638,0.00031193325946029897,-0.1614725986458593,1.0154997487862905,0.00029699020233238117
36,-0.2098200341422847,1.061460057894389,0.0004336242491262965,-0.254676067886023,0.8116258819897969,0.0013921247562393546,-0.20970326382876836,1.2116992036501566,0.0002878316217296136,-0.21900111782303402,1.206281852722168,0.0004498906753724441,-0.23147303537180206,1.111447020371755,0.0004269316850695759,-0.1896568813472123,1.1391306519508362,0.00027502434871469933,-0.17848929129598468,0.6124301493167877,0.0003941459852891664,-0.14978107778549646,1.0346916317939758,0.00034201235151461634
37,-0.24495259123072255,1.0548171440760294,0.000517846342215004,-0.25615515519800874,0.8522674024105072,0.0012352743457692366,-0.2108959494542937,1.2336775422096253,0.00029883075136846553,-0.20274679655998143,1.2217925667762757,0.000416393403429538,-0.2202560083583213,1.133256475130717,0.0003782488410555137,-0.20553403765130265,1.1510804057121278,0.00029648361426855746,-0.17927474818200992,0.6232655644416809,0.00036057872202945875,-0.1423090651433515,1.039928630987803,0.0003468859397495786
38,-0.2757359132998529,1.107522181669871,0.0012323730227459843,-0.251834459407817,0.8831149578094483,0.0011933542516392966,-0.19765977829329984,1.262891372044881,0.00040190693107433617,-0.1994852660991603,1.2387109398841858,0.00042801493351968625,-0.22799865278819664,1.1608965595563252,0.00041577337882093467,-0.1853341095212694,1.1851247032483418,0.00023577234339124212,-0.17942127089928325,0.6482213417689006,0.00048751883926646166,-0.13581532609055758,1.0598678509394328,0.00048533985876323034
39,-0.259566840483146,1.134786840279897,0.0006435025056513648,-0.2566785485341524,0.9179772138595581,0.00110928567009978,-0.20430350054197302,1.284632674853007,0.0004385762275584663,-0.19907022055418633,1.260964608192444,0.00039396360128497087,-0.20068422372409234,1.1801554163297017,0.0004851169913308695,-0.18359079011460858,1.2013499776522318,0.00020911935910892984,-0.18985905408086354,0.6594993889331817,0.0004203978537892302,-0.1359632789148917,1.0840317686398824,0.00035054272399671996
40,-0.2832311320750262,1.134062647819519,0.0006711640123588344,-0.2622755737040394,0.9555293758710225,0.001088702620472759,-0.1913219436221512,1.311349912484487,0.00033956359062964716,-0.2040652113694531,1.2839256882667542,0.00040538883282958217,-0.21029903044210368,1.1966052174568176,0.00043680601860008515,-0.18835925244044502,1.2234319527943929,0.00023153861499546717,-0.19270212908785875,0.6775912861029307,0.00043463804128502184,-0.13258824587560605,1.09190882841746,0.00031578165217069907
41,-0.2821700042720391,1.185514744122823,0.0008498762617819011,-0.26645835745360896,0.9806221067905426,0.0012245016366553803,-0.17845712512927614,1.3274234771728515,0.00029210633801994844,-0.2022005958396334,1.3037453571955362,0.0003859976054324458,-0.21206922447894014,1.2250583171844482,0.0002755867831486588,-0.1827057508194061,1.242939257621765,0.00022221148586443936,-0.1858622128515137,0.7137082437674205,0.000323928335274104,-0.1418339568081203,1.1119022130966187,0.00033566049726990363
42,-0.2605396480751458,1.17708664337794,0.0006612139006999011,-0.29407308505359425,1.0396276891231537,0.0013754705801450958,-0.18373537981843033,1.3554242213567098,0.0002876463736659692,-0.19441735443422262,1.331272029876709,0.00042835094112282,-0.19243689545447246,1.2506903290748597,0.0002607842984919747,-0.19488783648032054,1.2710151672363281,0.00035931487121464064,-0.160840335746557,0.7058327992757162,0.0003201069742014321,-0.15125412851539594,1.1254505475362142,0.0004278596170479432
43,-0.33431832214662427,1.2322871764500936,0.001141253272847583,-0.2871548434947847,1.0958921988805135,0.0014556135322588185,-0.1888769911103979,1.3770778059959412,0.00031402311821390565,-0.19211014348465852,1.352793526649475,0.00044404147532380495,-0.18191181440140083,1.2648528496424356,0.00023291712035036956,-0.17886280247025596,1.2961555560429892,0.0002448846891638823,-0.17355975896916664,0.7264776209990184,0.00034988159604836254,-0.16502003459393066,1.1537643114725749,0.0003327978527522646
44,-0.22514095872453985,1.2645007928212484,0.0008781093347351998,-0.32077198090567255,1.1237529277801515,0.001568192425960054,-0.19726789893673544,1.3996203660964965,0.0003164920650306158,-0.1760444253183463,1.3737075289090475,0.0005815902753965929,-0.20424894250051126,1.2850001096725463,0.000255966779756515,-0.17305429189611174,1.3098023136456807,0.00027032610669266435,-0.15646024685451515,0.7479382733503978,0.00031802473046506444,-0.14643009065324433,1.1610928177833557,0.00033248419592079394
45,-0.18602951357893,1.261125342051188,0.0005938636808423325,-0.32870698042905416,1.2036147395769754,0.0011055773201708993,-0.17416083524641995,1.4165207982063293,0.0002701287439170604,-0.1756106199471813,1.3857067346572876,0.0004422298225108534,-0.1923437492932706,1.309187146027883,0.00024641325241342806,-0.1767135442589131,1.3369030038515726,0.00020061345567228271,-0.14538161449949227,0.7535780807336171,0.0003336390305776149,-0.14085137049950316,1.1867847522099813,0.0003128953801933676
46,-0.18274807389775957,1.2699677268664042,0.000618660741019994,-0.3236155945694081,1.2090696056683858,0.0011094813526142389,-0.17861741528629463,1.4402526259422301,0.0002852764174652596,-0.1810594693608154,1.4013818144798278,0.000386996412028869,-0.1895834949106319,1.3387354572614034,0.000254132078650097,-0.16234339831344138,1.3536250432332357,0.00022698326307969788,-0.17378082337001283,0.7533086001873016,0.0003389168181456625,-0.13546963511418783,1.204608686765035,0.00037681705531819414
47,-0.22114265386901608,1.2896040399869284,0.0006516763115845,-0.22912760602345877,1.1155260960261026,0.0013289693762393048,-0.18557257743555083,1.455020578702291,0.00027352237569478653,-0.17005413511722453,1.4284785509109497,0.0004726975108496845,-0.1844625257068181,1.3625836730003358,0.0004696274952342113,-0.16855548649958582,1.3710345347722372,0.0003104009447270073,-0.23830242233409482,0.7865246216456095,0.0004349801301335295,-0.13052161794115116,1.2152378678321838,0.00029526742291636766
48,-0.21749020489846768,1.332182768980662,0.000585319395759143,-0.2830025523105224,1.21302543481191,0.0016154883080162108,-0.1683898623171155,1.4794752955436707,0.0003164966901143392,-0.1801995060545668,1.4416468739509583,0.00039731709208960336,-0.1770618176380056,1.3859371860822043,0.00032795136163864903,-0.17063269340426115,1.391080657641093,0.0003384994750376791,-0.17723036594053,0.8320864995320638,0.0004946691343017544,-0.12895651830803054,1.2300796190897623,0.00042785046777377525
49,-0.16851484564417146,1.353591497739156,0.0005826742659943799,-0.1916097038760131,1.1618300000826518,0.0011205971279802422,-0.17254645695229026,1.4990434567133586,0.000500150960093985,-0.1776991122535638,1.465157957871755,0.00037359829924146954,-0.1928646291195983,1.4035314520200093,0.0005416009647888131,-0.1604230597290089,1.4144071261088054,0.0002244535062345676,-0.14317987674606028,0.8099062820275624,0.0005453220607402424,-0.12822486951654563,1.2450839837392171,0.0003388520727943008
50,-0.15040498764918125,1.3611064235369363,0.0006264262240923321,-0.2326564605190458,1.1274866779645285,0.0012213834231564154,-0.18115720011761188,1.5233254512151082,0.0005521893918436642,-0.18152628907525484,1.4883148431777955,0.00043174137875515346,-0.18708534109399447,1.4264333367347717,0.00040521505531311656,-0.16996882285113996,1.4336320559183757,0.0001956477208295837,-0.20975384389967575,0.8223146557807922,0.0006112170231062919,-0.13179338160495505,1.2610243082046508,0.0003403402147038529
51,-0.16152745793548165,1.36715061267217,0.0006480341786906744,-0.22108276743909716,1.2246451775232952,0.0012321182798283796,-0.17843288261325135,1.5480035146077473,0.00026914236950688065,-0.18045857529605425,1.5080028812090556,0.000528554505823801,-0.17058807516376776,1.4471117456754048,0.0002239450317574665,-0.18935658292985144,1.4540542244911194,0.000304194848285988,-0.1772299617131064,0.8606123189131419,0.0005885120840199913,-0.11702019246132529,1.269837737083435,0.00031209053753021484
52,-0.19214626218277933,1.375571616490682,0.0005615251633571461,-0.2514877591006462,1.203230357170105,0.0012122969065482417,-0.17707523407226458,1.5603465914726258,0.0003664159259642474,-0.18059005659507826,1.5255610028902689,0.0004810907470528036,-0.17091379779148244,1.4590402126312256,0.00022046472683238486,-0.18093924726385666,1.4893343528111775,0.0004763404023833573,-0.14597810933618321,0.8778973122437795,0.000488353996964482,-0.13297644088985688,1.284043312072754,0.00031914595844379314
53,-0.20898105281402962,1.4098779877026877,0.0005971507761084164,-0.15614657636944676,1.189769951502482,0.0012543510432199885,-0.18800257723561836,1.584342892964681,0.0003189962396087746,-0.1869144780695064,1.54897829691569,0.00042622011678759006,-0.1655960474103787,1.480076269308726,0.0003223928569544417,-0.15777198459370023,1.4984315633773804,0.0002614927841932513,-0.1320500827643677,0.8922408024470011,0.0003090184089766505,-0.13118437905759622,1.3023127913475037,0.0003362427184280629
54,-0.19145643128494508,1.441163166364034,0.0006028888359044989,-0.15725443090466587,1.140318497021993,0.0013511514931451528,-0.17955977866924983,1.6031079769134522,0.00042140231428978346,-0.18418063813270033,1.5716672539710999,0.00043023637554142626,-0.18051696903151193,1.5050865372021993,0.0003410787001485005,-0.15229928685715252,1.5181919813156128,0.0002634881069146407,-0.12435845474966581,0.8904131273428599,0.0002598284312019435,-0.12626493093372254,1.311523691813151,0.0002806105995356726
55,-0.17724023765395489,1.4594725251197815,0.0006192788569023833,-0.21493013120607463,1.2210529088973998,0.0014140273677185177,-0.18230348729465,1.6327961007754008,0.0002805268479278311,-0.17661098260708746,1.5969279209772747,0.00039707822046087436,-0.17424752221151246,1.5245848298072815,0.00023677906719967722,-0.14883216585803938,1.5415260434150695,0.00024763470137258994,-0.20412724328775983,0.8947017113367717,0.0004539561404574973,-0.12128646528142757,1.3130587100982667,0.0002984424601891078
56,-0.15287115611123517,1.4790479381879171,0.0007111215255766486,-0.21495901522686706,1.2561808665593466,0.0015510120138060302,-0.17300954238342373,1.6524150649706522,0.0003815007856852996,-0.18232447168629848,1.618612563610077,0.000478979162289761,-0.16846135576047577,1.5489111026128133,0.0003373353193940905,-0.15223021730923786,1.5561729788780212,0.0003290266278781928,-0.22334181014068297,0.9431834181149801,0.0004955464809124048,-0.13592353441875313,1.3284777045249938,0.0004466396193796148
57,-0.1622588925900378,1.494199009736379,0.0005536120772982637,-0.20414438528326787,1.2867365996042888,0.0012240767517747977,-0.16312322928701886,1.6638946692148844,0.000349306993787953,-0.17130640523459592,1.636707365512848,0.0004540942968257392,-0.16975931943028533,1.5636276284853616,0.00039717742862800757,-0.17728200618206957,1.5749812602996827,0.00023649323702557012,-0.14119383041593778,0.9589113632837931,0.00047009662569810946,-0.12494895648898387,1.3585235993067424,0.0004022516601253301
58,-0.17121886080663937,1.498638129234314,0.0005770759530908738,-0.15868002866595493,1.2589996496836344,0.0011863038040852796,-0.16892788595771258,1.6858468890190124,0.0004566569288726896,-0.15883225203333945,1.6530818144480388,0.0004336876901409899,-0.16588812146672066,1.5770900170008342,0.0002941151600680314,-0.16110401381314662,1.5975963751475015,0.00030180916316263997,-0.1363378602028492,0.9481095294157664,0.0003859847100102343,-0.13881947258406047,1.363503674666087,0.00034825977636501195
59,-0.22877286100215002,1.5248120347658793,0.0005860517791006714,-0.10999923673836443,1.2240498622258504,0.0013121722925764818,-0.17360623654630528,1.6985570430755614,0.0004888860833792327,-0.17944602042938756,1.6733780304590862,0.0005209613082115538,-0.16290129711330348,1.602746597925822,0.00035651229651800044,-0.16373843884289202,1.6172359069188436,0.00031264521239791063,-0.16986645345011278,0.9487353940804799,0.00034724800013160955,-0.12835242672396374,1.387324086825053,0.00037929874573213357
60,-0.22042550894711746,1.563974380493164,0.0008224079763749614,-0.10545222182476684,1.2394060571988423,0.0011288141327289243,-0.18279996371421553,1.72949960231781,0.00029574088694062084,-0.17033984479673442,1.6943439443906148,0.00043789313834471005,-0.15407767386556265,1.6206570227940877,0.00040608461567899213,-0.16282309060288763,1.6330505967140199,0.0002871897503306779,-0.18910684307122355,0.9786123772462209,0.00034253228611002363,-0.12230221930714043,1.3982524037361146,0.00043298730112534636
61,-0.17850075654902406,1.5868372917175293,0.0007073433846623326,-0.10650186621309582,1.2505768338839214,0.001166456532276546,-0.1672571791538822,1.7457014481226603,0.0003367010082001798,-0.18414812567461206,1.7164639512697855,0.000442511765868403,-0.17034018428935782,1.6344885627428691,0.0003449696586661351,-0.16130881757437668,1.6534125328063964,0.00035749152884818615,-0.166044121413057,1.0084009289741516,0.0005097122858084428,-0.10377673208834162,1.408742121855418,0.00031581075745634735
62,-0.1487981048821475,1.5997812231381734,0.0006756509421393276,-0.11316702671886229,1.2566931009292603,0.0012215131156456968,-0.16300488916941458,1.768384305636088,0.0003048232431562307,-0.16821191913111647,1.7296234011650085,0.0005079689144622535,-0.1578633252247407,1.655763832728068,0.00036559276001450297,-0.15552970851787293,1.671239161491394,0.0002828307202435099,-0.12995448470318036,1.014885272582372,0.00044980444751369455,-0.124160890592683,1.4271087884902953,0.00047560298116877675
63,-0.1604081492987903,1.6040416399637858,0.0005247794547661518,-0.11490766617830069,1.274858558177948,0.001377686943548421,-0.15859879023311477,1.7864191691080729,0.0003203718253644183,-0.17434719099855872,1.7561070005098978,0.0005002989428855169,-0.16792636861139928,1.6772289911905924,0.0003628279591794126,-0.17174522136885895,1.691829013824463,0.00034736670640995727,-0.1255734875128337,1.017125238974889,0.0003471601036532472,-0.11609636693527113,1.4329943895339965,0.0003550315261236392
64,-0.20393460071552352,1.6086472948392232,0.0007773430368009334,-0.12121247810386947,1.3047922849655151,0.0011863358823272089,-0.15747193668668977,1.798116934299469,0.0003593770302056024,-0.16752485253358573,1.7675698240598043,0.0004693442315328866,-0.16301907906886895,1.693693737188975,0.00032895295347164694,-0.1759754403684752,1.7161343614260356,0.00037224846746539695,-0.13805407193117283,1.0289069950580596,0.00042912882927339526,-0.10470801312009047,1.4529980580012003,0.0003521053552200707
65,-0.22957843615138307,1.6434520761171976,0.0007895934211167817,-0.11592511157014235,1.303692889213562,0.0013070352608337999,-0.1499651237075591,1.8215610186258953,0.00037677778551975885,-0.15943246270114073,1.7913675347963969,0.00036350519415767244,-0.16662690825136972,1.7140953342119853,0.00038553556078113616,-0.16535666152590078,1.7317877133687338,0.00028570182184921576,-0.15463280185410305,1.042790166536967,0.00042094595701200885,-0.11386721296165972,1.4608343919118245,0.0005152848500680799
66,-0.20178469350583192,1.6784955541292825,0.0006956033311629046,-0.11606643909129426,1.3221403241157532,0.0012817963026463986,-0.15356208202865804,1.8340303381284078,0.0004053466579838035,-0.15721824051189173,1.8031230211257934,0.00035300017674065506,-0.1580172258880957,1.7287473956743875,0.00024046657539050404,-0.1569935283757386,1.74957195520401,0.00031070115267842386,-0.14890242355928274,1.066893990834554,0.0003272598541419332,-0.10816639103703915,1.4719808459281922,0.0003766063697791348
67,-0.15506826074401078,1.6919114311536154,0.000626956217456609,-0.12015338372397674,1.3336021184921265,0.0013131273308924088,-0.15332754349868882,1.8543498635292053,0.0005561889905948192,-0.1635666187255362,1.8282110492388408,0.00043129911355208603,-0.1527374034153857,1.7461958249409995,0.00028364660150449105,-0.17025962429117758,1.7672616720199585,0.0003549921112911155,-0.11958040027536598,1.0812489549318949,0.00026733763612962015,-0.1244837967959165,1.4821592966715496,0.0003344106502481736
68,-0.15687505024632864,1.6987801949183146,0.0007110311707947403,-0.13173559374758959,1.3505637804667154,0.0012261150171980263,-0.15089071223441855,1.8683557947476706,0.00047960943726745123,-0.16819030486903516,1.8425270318984985,0.0003649553827320536,-0.1603373369292002,1.75779679218928,0.00029697353893425315,-0.14602316009269206,1.788218343257904,0.00025608464784454554,-0.13199633273055575,1.086847201983134,0.00025996100448537617,-0.11262098253658889,1.4967127323150635,0.0003513135690203247
69,-0.17194381596750058,1.705964191754659,0.0008331638110879188,-0.13631319270988915,1.3618335882822672,0.0013937231444288046,-0.15948731434273264,1.8817778031031291,0.00043915462544343123,-0.16541891667928446,1.869956648349762,0.00046969716786406936,-0.15655997466786606,1.78906147480011,0.0009289166453527286,-0.15289606966714622,1.8019997715950011,0.0002825012299581431,-0.15979313174908003,1.0951371987660725,0.0003897800124832429,-0.10787416912735033,1.5118255654970805,0.0004191061695261548
70,-0.18168715734869062,1.7277907967567443,0.0008925171656301245,-0.10362895393206187,1.3835502783457438,0.002046664773176114,-0.15252974219982537,1.9022354086240132,0.0003415568387329889,-0.1725472503656515,1.8864294687906902,0.0005494972429005429,-0.15616473441746068,1.8080114285151163,0.0007707992326080178,-0.14201935120775513,1.8250780383745828,0.0002551873830573944,-0.16313529791891254,1.1097603480021159,0.0003564279022005697,-0.10375810387813372,1.5353010654449464,0.0004856786283198744
71,-0.19034441179173642,1.758606747786204,0.0005780787168381114,-0.12921144600268253,1.3953614155451457,0.0017862466319153705,-0.14454873241493377,1.9194772402445475,0.00044965358392801136,-0.1754985676969513,1.9071874499320984,0.0003468992848259707,-0.1530977988712911,1.8199620842933655,0.000314793695967334,-0.14063107981381562,1.8446492513020833,0.00026662197342375293,-0.16137071432134115,1.127140204111735,0.00037395723532730095,-0.10778192662453275,1.5371586283047993,0.0003595962950688166
72,-0.14802713240646714,1.7853270689646403,0.0005131934982879708,-0.1360559252007141,1.407199748357137,0.0014394386341640105,-0.1361228970747058,1.9362897872924805,0.0003910460965319847,-0.17801794193063344,1.925446625550588,0.0004782295853753264,-0.15118718625330405,1.8321994145711262,0.00027123828816305227,-0.15137352442975993,1.8615933736165364,0.0007577277889746862,-0.15085600212324732,1.1466062784194946,0.00038177845174989974,-0.11525210269101827,1.54885995388031,0.00040316006779903544
73,-0.132939361575551,1.790615204970042,0.0006165862665511668,-0.11310797771312128,1.4272527893384297,0.0013200821898256738,-0.15095923518993196,1.9552262902259827,0.0004691622714744881,-0.15877583276280488,1.9451151649157206,0.0006729851079095776,-0.1538962194859074,1.8531560103098552,0.00023397177768250306,-0.15151969263810533,1.8812612652778626,0.0003761575106182136,-0.14749862018831184,1.1578537106513977,0.0003749264748572993,-0.10901584438470971,1.558668573697408,0.00037784849361438924
74,-0.1511036319663888,1.8063687205314636,0.00047990300226956605,-0.10822044281089208,1.4416840513547262,0.001330046367365867,-0.1436484378443422,1.967782155672709,0.00047174337620769314,-0.17306187943996545,1.9669218103090922,0.00046449451619992035,-0.14335583206648891,1.865692150592804,0.00036091368820052595,-0.14202147120205327,1.898912247021993,0.00026585174540135387,-0.14028707694170567,1.1771910071372986,0.00038769393092176566,-0.09219983548816849,1.5583715120951334,0.00036329315286517765
75,-0.14925862085697392,1.8190936247507732,0.000495175423566252,-0.1182366803282579,1.4453089157740275,0.001377719099400565,-0.14435681881265003,1.9875380516052246,0.0004272944837187727,-0.16483920541098918,1.983187166849772,0.00034020029076297454,-0.14737083768393608,1.8832935333251952,0.0002877651097757431,-0.14722939176645872,1.9139513651529947,0.0003287102915540648,-0.1261023604540313,1.200277598698934,0.0003273138989849637,-0.10973760377092377,1.5798214316368102,0.000466548306576442
76,-0.15741793235459262,1.8287495732307435,0.0005708722281269729,-0.10101338567749323,1.4722389022509257,0.0016927756912385424,-0.1447393226941315,2.0000423550605775,0.0002985192021393838,-0.1649110326357857,1.992155917485555,0.0005523751950628745,-0.14330843621309136,1.9038662791252137,0.00043358516462224845,-0.1543132241963538,1.938071366151174,0.0008213616403130193,-0.12843419593996105,1.209337623914083,0.00031297249127722654,-0.1016745199470758,1.5961089134216309,0.0005209711778055256
77,-0.16286427506511397,1.850142784913381,0.000540624981901298,-0.11616492279708061,1.4843287388483684,0.0017045757772090535,-0.14592956898252224,2.0181239247322083,0.0002797658695878151,-0.15797116657109647,2.01345317363739,0.0004558354068043021,-0.14614982865160497,1.9187921086947124,0.000259688910349117,-0.15141175986484517,1.9552829345067342,0.0006602974380560529,-0.1346626024747411,1.2198298215866088,0.0003423181551625021,-0.10852410481314782,1.6085511287053427,0.0007515542733017355
78,-0.15979205780007075,1.8695186535517374,0.0006870055270458882,-0.10849150131803537,1.492594063282013,0.0016636070911772549,-0.15139922724098154,2.0349289457003277,0.00028248887586717806,-0.15928515997106626,2.0345289667447406,0.00048460097605129704,-0.14230906609957503,1.9345825076103211,0.00025094483377567184,-0.15351370034040002,1.9697160363197326,0.0003060609495150857,-0.13531897695260584,1.232025639216105,0.00030958605736183624,-0.09384793921420613,1.617974583307902,0.0007287713359498108
79,-0.1484996074046385,1.8766769210497538,0.0006480449015119423,-0.1196772871499258,1.5098970452944438,0.0020949001773260534,-0.14011408806616024,2.0458834171295166,0.00033352325117448346,-0.1577272786767849,2.058079783121745,0.0004158856410261554,-0.15317730932831047,1.9524069825808208,0.0002814826933899894,-0.1344870872020364,1.9897608041763306,0.00022773603899016356,-0.1368217201300417,1.242919921875,0.00031607895701502763,-0.10661440020493534,1.6198707660039267,0.0004738235118566081
80,-0.15877874493131355,1.899588366349538,0.0010234261717414483,-0.10897157784651608,1.5140600800514221,0.0015435893010968963,-0.15298375611443854,2.062150502204895,0.00041398571241491787,-0.15654850929244765,2.06777400970459,0.00038497986097354444,-0.14398849133850758,1.9615011890729268,0.00021400478750971768,-0.14845888575929397,1.999370284875234,0.00028167151273616277,-0.1364735600772099,1.2600893417994181,0.00031082193891052157,-0.10083174147953591,1.6296323935190837,0.00040629886110158016
81,-0.15545384421637662,1.9179538369178772,0.0007070754014421255,-0.1294000096578906,1.5445296049118042,0.0016045469208620488,-0.14090513682240793,2.0846580346425374,0.0004509223401934529,-0.15863575932380639,2.0862649281819663,0.00039682161974875877,-0.13693544459964907,1.9814704736073812,0.00031493990924597406,-0.14746762060661728,2.0256911436716716,0.0002649330058678364,-0.1441063551881112,1.274002746740977,0.0003328814030586121,-0.11176907521451779,1.648968271414439,0.0004858361401905616
82,-0.1699079113960928,1.9330800255139668,0.0006444998706380526,-0.11441949934402787,1.5512993454933166,0.0015407498266237476,-0.149902916177084,2.1003655989964805,0.0003172519044407333,-0.16008155294250667,2.11070187886556,0.00039428801101166756,-0.15359812426400882,2.0046069900194805,0.0005031809627932186,-0.14724478969167726,2.0330894708633425,0.00029625288201107957,-0.13404034187610492,1.2863993843396504,0.00036398066537609945,-0.10525721936930184,1.6596517046292623,0.0005800591092944766
83,-0.15866487073359908,1.9628841439882914,0.0007187807728769258,-0.1316649371841812,1.56695263783137,0.0015643221170951922,-0.14248917432826522,2.115126935640971,0.00036899535722720127,-0.14675529548625946,2.122835977872213,0.000613513325030605,-0.14591865740975096,2.0153451522191363,0.00034532061884722984,-0.1485376937464096,2.0638613224029543,0.0004645394190447405,-0.13297637008105187,1.3068265755971273,0.0003099216094900233,-0.10401638995557111,1.6713733593622844,0.0005830768806238969
84,-0.15049544367223266,1.9762580474217732,0.0006604455925601845,-0.14251412034962954,1.5803563674290975,0.0017710280488245189,-0.14219649302591242,2.1348689476648968,0.0007040134975492643,-0.15107435611307055,2.1514912048975625,0.0004028942799777724,-0.13898924531925808,2.03444584608078,0.0002666776005450326,-0.13919426308063115,2.074981451034546,0.00033369658631272615,-0.13064908254728275,1.319329806168874,0.0003662349365185946,-0.10797815565496088,1.676273806889852,0.00045665815899459026
85,-0.15151717853264104,1.9878467679023744,0.0007003840427690496,-0.11702838414396707,1.5951229453086853,0.0017094179793881873,-0.14325156149001086,2.1427439292271933,0.0003733567903206373,-0.16100765810021037,2.1533499638239544,0.00034634690867581713,-0.14486370208263677,2.048816378911336,0.0003418295668476882,-0.1498141546278817,2.0861795425415037,0.0003126143599123073,-0.1274355570517628,1.33110720316569,0.00042172642424702643,-0.1019847336400314,1.694218107064565,0.0005499005123662452
86,-0.1393718423546215,2.0067599852879843,0.0005411910795373842,-0.11166408004924919,1.6113718310991922,0.0017301017690139512,-0.14917542296361957,2.1709569851557413,0.0004628269341386234,-0.14414893121276587,2.1825975020726522,0.00043487556443627304,-0.14165896367557335,2.067441542943319,0.00034718706738203766,-0.14191859664208378,2.1146133661270143,0.00030491158589332674,-0.1346326200912194,1.3441890557607015,0.00030960259658362096,-0.10996671882428719,1.7090913295745849,0.00047264173432874185
87,-0.14927633965498815,2.0108668049176535,0.0006775883715211725,-0.11281939959139303,1.624343732992808,0.001974103149647514,-0.1432210527782346,2.1812434832255048,0.00032151689714131256,-0.15289394885936788,2.198259131113688,0.0004238658366375603,-0.14094342611304936,2.0796588182449343,0.0003481384444360932,-0.1579958460342918,2.1231191237767537,0.0002760847234943261,-0.12130327900564523,1.3574674685796102,0.0003509964900634562,-0.10555133229501559,1.7041961510976156,0.0004355009034043178
88,-0.1498589514321337,2.033699464797974,0.0011538513179402798,-0.10399976426065764,1.6407429655392964,0.001865002237415562,-0.14083198530726299,2.1971037069956463,0.00029620630230056124,-0.15586876904523927,2.2176580905914305,0.0003576542420584398,-0.15011970049022086,2.0992316802342734,0.00031006963157172623,-0.13667959011779568,2.1411621967951455,0.0002817270578816533,-0.13353646942189976,1.376208209991455,0.0004446207783378971,-0.10926124154979902,1.7236500978469849,0.00039360766483393186
89,-0.16505080796376978,2.0498566071192426,0.0006948965815051149,-0.11634651097734534,1.6598450978597006,0.0017214852035976947,-0.1483040294727787,2.2171491463979085,0.0004223943712228599,-0.15986379625357489,2.2270100990931194,0.0005376408070636292,-0.14940142701841438,2.1193371295928953,0.00026363757739697273,-0.13791832933959902,2.157478666305542,0.000272556268707073,-0.12733186144814124,1.384339459737142,0.0003169156518803599,-0.10947115149512103,1.7333006302515666,0.0004681340641885375
90,-0.14857948278312483,2.06266352335612,0.0006132875336334109,-0.11952019601506418,1.6598124106725056,0.0018783509614877403,-0.15058453747016315,2.2325910409291585,0.00033135801349999384,-0.13629872370005205,2.2604354858398437,0.00037323576252674685,-0.15151864458408798,2.1356485923131308,0.00034735673155713204,-0.1466941282275698,2.173971239725749,0.00026769667504898583,-0.13775703970592526,1.3974796891212464,0.00032126528531080113,-0.09287724698341505,1.7512531956036885,0.00042422041636503615
91,-0.165759570142145,2.079447865486145,0.0009136514621786773,-0.14773933889169394,1.648789886633555,0.0023469507655439277,-0.1432370988257171,2.238325262069702,0.00025229886668967085,-0.16124370269473834,2.2691223859786986,0.0004605220271817719,-0.1383523560986157,2.143525656064351,0.00032419709702177595,-0.1506105423723447,2.185852225621541,0.000296902235034698,-0.13355383900609305,1.413934858640035,0.0003006079326344964,-0.09508971715896436,1.7617072542508443,0.0005252339120488614
92,-0.15176565368782052,2.092193110783895,0.0006423491839086636,-0.15163247154719317,1.6914147734642029,0.002249645290430635,-0.13776667717137556,2.2542386134465535,0.00042694449512055145,-0.1442335467797812,2.2794685045878094,0.00041279542638221755,-0.14574533140060922,2.158997392654419,0.00029079801849244785,-0.15796002228123857,2.2067689577738445,0.0008327897012350149,-0.13151381001908405,1.4332131425539651,0.0003153787911287509,-0.10378325028428147,1.7630965153376261,0.0004330319730797783
93,-0.15383599470140064,2.112575364112854,0.0005978923135747512,-0.1564728054569434,1.7477302233378091,0.001820378591461728,-0.1483639047903493,2.278544322649638,0.00028346171166049317,-0.15499840380025212,2.3013251701990765,0.0004219419492680269,-0.14130876068176973,2.1726738691329954,0.00029657887207577003,-0.145032714371849,2.2236504713694254,0.00037085160341424246,-0.12332878779929844,1.4430938919385274,0.0003158263672958128,-0.09470787873636545,1.792630632718404,0.000746913159188504
94,-0.15650148121483645,2.1343981901804607,0.000608116418394881,-0.15885303653163693,1.7553308169047037,0.00189286363699163,-0.14131062688530577,2.2925323724746702,0.0003266054375368791,-0.15628584137482066,2.3108622550964357,0.0003501185060789188,-0.14041918718895438,2.188356884320577,0.0004190491439658217,-0.14325464325955706,2.242967947324117,0.00033917292506278803,-0.12203087316076637,1.4634642680486043,0.0003086283138448683,-0.10182710198552201,1.7815815488497415,0.0006688754345911245
95,-0.15549773169514047,2.142531649271647,0.0007133921850860739,-0.13594844271879009,1.7706735650698344,0.002577761785748104,-0.13729676299527938,2.30443069934845,0.0002972888032672927,-0.16129842731935692,2.344259762763977,0.0003957585159999629,-0.14199990257517975,2.204927404721578,0.00044333789895366257,-0.1452840591216406,2.259496068954468,0.0003933686699989873,-0.12046352627482895,1.4655900438626608,0.00027179147485488405,-0.09889225876918567,1.7932264884312947,0.00037900789854271956
96,-0.15683310164468758,2.1647317091623943,0.000713732994821233,-0.15470503779277142,1.8009188453356424,0.002319003404894223,-0.14017016616823802,2.3282655080159507,0.0005113293455603223,-0.1558678104988048,2.349976388613383,0.00036956181526572133,-0.1421165826521241,2.2198777993520102,0.0003517036229216804,-0.1397090300379952,2.277433156967163,0.0002831303941396376,-0.11997898264138056,1.4823166728019714,0.00025903049875826883,-0.09828658484211636,1.8155644575754801,0.00046381473366636784
97,-0.1574668625846795,2.1686477104822797,0.0006545292000131061,-0.17265210549443394,1.7995410998662313,0.001887228215734164,-0.13938511837044004,2.332873225212097,0.0004239932439910869,-0.13184336154366244,2.3776792526245116,0.00070383960652786,-0.13880380182879212,2.2368425210316976,0.00027069926145486536,-0.14010045312594496,2.291418361663818,0.00031219655502354724,-0.14190753853535626,1.4925187706947327,0.00036145808359530445,-0.1058648148568928,1.8426682353019714,0.00044974172681880493
98,-0.16145662918772044,2.19155867099762,0.0006510626660504689,-0.1429229582299397,1.8124018470446268,0.0016914027510210872,-0.145067478370588,2.35704554716746,0.0003545620168248812,-0.14861767521417754,2.3958019733428957,0.000707014452200383,-0.1286877538419002,2.255890623728434,0.00023893854716637483,-0.1416217475377936,2.3081490755081178,0.00033304614771623164,-0.12995427630300008,1.508056092262268,0.00030006661739510795,-0.11339451869535931,1.8337111870447795,0.0007611211825860664
99,-0.1614433919612001,2.2028799851735434,0.0006816463447952022,-0.16098370480633145,1.84368603626887,0.0019417553635624548,-0.1426019580309004,2.375446144739787,0.00040673119413744036,-0.14622797734484802,2.4056299845377604,0.0004856904182815924,-0.1347864741158846,2.2729271094004315,0.00030544103889648493,-0.12606541064456406,2.3233038504918415,0.00033202980460676675,-0.14074744720122548,1.5203713496526083,0.0003194599223206751,-0.09160543644981721,1.8480658054351806,0.0009471449428626026
100,-0.16752683797678997,2.2266268014907835,0.0007096226133095721,-0.14979341313369215,1.8416804273923237,0.0016555054966981213,-0.147149525663618,2.395145805676778,0.0004956664129470785,-0.15252975696174595,2.4241212209065757,0.0003987666665731619,-0.1304521872932731,2.2923875570297243,0.0004870771309166836,-0.14707862757974233,2.3402652104695636,0.0003800553119314524,-0.13074839900641827,1.5305538694063823,0.0003887712591676973,-0.10053178260686972,1.8502879858016967,0.0006052862988629689
101,-0.14702867659556496,2.2507977724075316,0.0006802412574567521,-0.161841747181144,1.8795652786890666,0.0018193227937445045,-0.14511791600317628,2.4052803834279377,0.0003916054265573621,-0.14363165591518579,2.4476974964141847,0.000679702457273379,-0.13506513776103013,2.303329650561015,0.0004013973530769969,-0.14488501168882134,2.3529104709625246,0.00028864637667235605,-0.13222543889399108,1.5513388077418009,0.0002881925325103415,-0.11182011616773137,1.8801430583000183,0.0006884644467694064
102,-0.14985118007850462,2.262791140874227,0.0007068225628851602,-0.16816471054559426,1.8877989371617636,0.0019579881918616593,-0.13980088505023708,2.423083464304606,0.00030472891958197577,-0.14080721543826524,2.454873275756836,0.0005149266488539676,-0.12362754520677983,2.3211639483769733,0.0004459859890630469,-0.1476961253010162,2.373254919052124,0.000369414703163784,-0.1271663656952545,1.5663037737210592,0.00033492591852943103,-0.10512203754232444,1.8893794735272726,0.000950003142740267
103,-0.15041517789674333,2.276809398333232,0.0006961453560506925,-0.17522153096021892,1.897089429696401,0.0022357514322114487,-0.1357749792227129,2.4318761507670086,0.00038909137898978464,-0.1371198636516294,2.474885169665019,0.0004236249170692948,-0.13052383693254363,2.337747565905253,0.00030661636798564966,-0.138114026052744,2.3878197113672894,0.00028577275079442186,-0.11909848171017332,1.5768309275309245,0.0005594820114007841,-0.10425833251408179,1.9054437239964803,0.0005164988183726867
104,-0.15316384324689486,2.286820157368978,0.0007954189020286625,-0.18625747107590707,1.9882485230763753,0.0017723254238565763,-0.12932835496300796,2.4542391618092854,0.0004449597293084177,-0.1455765571814759,2.4937506119410195,0.0004019957559648901,-0.13269911374022986,2.3397817611694336,0.0002902963145364386,-0.13321744923518813,2.4012638648351032,0.0004020697160740383,-0.13309728593499184,1.5865969022115072,0.0004269273743072214,-0.11053697369402711,1.9140403350194295,0.0006021697743562981
105,-0.15397542303369852,2.308844288190206,0.0008055929346786191,-0.18777049981127641,1.9824796319007874,0.0017829975035662453,-0.1364556006043451,2.4629110654195148,0.0004299903293334258,-0.14154844072777972,2.5098185857137043,0.0004780749363514284,-0.1330463501842814,2.363996696472168,0.00030407757876673715,-0.14080739580709173,2.4197745164235434,0.00034341837745159863,-0.12908568915684626,1.6052424947420756,0.0004465207501198165,-0.09092431156460372,1.9098259647687277,0.0004990168527001515
106,-0.1568269762356422,2.3145962317784625,0.0007575944725734492,-0.19847585817619062,2.0228072961171466,0.0018263589590787888,-0.13502317366940317,2.482942748069763,0.0003298547885303075,-0.1401693337349747,2.5088729937871297,0.00039621014147996905,-0.1413650461478328,2.377704127629598,0.00034829146267535785,-0.13284927593563683,2.4293108145395914,0.00039981876907404514,-0.12158821831109887,1.6136683742205302,0.00034985252908275775,-0.10318957630193003,1.9214401841163635,0.0004539952768633763
107,-0.1596926627377257,2.3396485884984335,0.0008268412425726031,-0.18174430086465315,2.0187504927317304,0.0019500942978387078,-0.129164695418133,2.485207192103068,0.00032098293401456126,-0.1424941691360493,2.5346211194992065,0.0004803359862611008,-0.1283780236513594,2.384984540939331,0.0003424686146900058,-0.13262520970491312,2.4519134442011516,0.0004183516177969674,-0.12490740413315554,1.6221892317136128,0.0002887024762458168,-0.10258083339566473,1.927562669912974,0.0003973471427646776
108,-0.15219147406621397,2.347981357574463,0.0009604064650678386,-0.18710590128183827,2.0524088939030967,0.002019823668524623,-0.1367819819252823,2.511420154571533,0.00040715334568327914,-0.14217500000299169,2.5516461690266925,0.0006311189092230052,-0.13003107606523034,2.4044628938039145,0.0006096072276704945,-0.1375069355380805,2.468353589375814,0.0003962586745425748,-0.11863879934779759,1.6382386724154154,0.00035650789068313314,-0.09210528195757331,1.950377877553304,0.00038898287942477813
109,-0.15216842307949596,2.365941874186198,0.0011274238505090276,-0.1857379164803819,2.0752082745234173,0.00186439915948237,-0.133290305013865,2.523727035522461,0.0004090802123149236,-0.1418822963983733,2.563386313120524,0.0006142289212827261,-0.12742227929768302,2.42042453289032,0.00027724293371041614,-0.1336616282407548,2.48147873878479,0.0003935088224049347,-0.12592627042167517,1.6453892787297566,0.0005157370421026523,-0.09413786338267906,1.9608545263608297,0.00037569218984572216
110,-0.1604245275423703,2.384276588757833,0.0008707527614509066,-0.17042007203061516,2.086241277058919,0.00198911758683001,-0.13992576205111792,2.541203331947327,0.00040546459592102717,-0.13316617422327198,2.5903319120407104,0.0004818217596039176,-0.13691505398339734,2.437598164876302,0.0003032189187554953,-0.14045414816633706,2.493497649828593,0.00044131481602865583,-0.12215323145867026,1.6648099740346274,0.0005251784469389047,-0.11425747101847761,1.970269258817037,0.00046365395246539265
111,-0.14967543515849716,2.395005774497986,0.000904252496547997,-0.1917074946936777,2.0681848764419555,0.0019630477608491978,-0.13756897736151283,2.5432390769322715,0.0003738355551225444,-0.14397138477308544,2.600189034144084,0.0004563967988360673,-0.13112208471538872,2.435945574442546,0.0002634611237832966,-0.13133187964554768,2.5041544834772744,0.0004954408136351655,-0.11034416711509562,1.6722050905227661,0.00030430800155348454,-0.10963952469570312,1.969204052289327,0.00048708184719240916
112,-0.16280836223502063,2.394274616241455,0.0007791706341474006,-0.2119215894307196,2.1233051220575967,0.0020282863910930852,-0.13753658536422858,2.5661524136861167,0.0007035154519447436,-0.14297587819142904,2.6096349318822223,0.0004903334241438037,-0.14182888139827451,2.4571337938308715,0.0004215342254610732,-0.14393931590798778,2.5345534960428875,0.00038950357363016033,-0.12199133104790524,1.6807621161142985,0.00031814237978930275,-0.1034439048476221,1.9850902835528055,0.0004917716112686321
113,-0.1790723975525462,2.425201749801636,0.001021488536692535,-0.2074095724268392,2.1711082379023234,0.00195546979472662,-0.13397501220828803,2.588897442817688,0.0003358475466181214,-0.13625353262956533,2.631441020965576,0.0003575653303414583,-0.140879803459074,2.4718619028727216,0.0006422354107295784,-0.12750550825142784,2.5537052949269614,0.000322771076268206,-0.11718009810410877,1.693952989578247,0.00027804706138946736,-0.09815547869331605,2.0032710075378417,0.000497385636360074
114,-0.16031477337013975,2.4416654745737714,0.0010259170667268336,-0.2484894840492261,2.1742568174997965,0.0021007533534429966,-0.13524088324891306,2.590510296821594,0.0003571844926530806,-0.13898263051569204,2.6432352860768638,0.0005219046909284467,-0.14181349468610846,2.488866345087687,0.0003083761529220889,-0.14490022584921824,2.5567413806915282,0.00033521357108838855,-0.12315927508669257,1.7137405753135682,0.0006852316961158067,-0.10083054560706754,2.0131908933321636,0.0007692967201971139
115,-0.16017475238332182,2.461125922203064,0.000869233850001668,-0.3213914411819969,2.2396697998046875,0.0022413731669075785,-0.13621636098772905,2.604751443862915,0.00033626909280428665,-0.1314491245168382,2.6535845597585044,0.0006965841380103181,-0.12463074194483238,2.503337574005127,0.00026879784903333835,-0.13811472923538878,2.5735032399495443,0.0003611011217193057,-0.12023844986572198,1.7213838537534079,0.0005154453256788354,-0.09001086125014794,2.014375619093577,0.0005248298218551402
116,-0.1591245552119519,2.4691913525263467,0.0011171281395945698,-0.4175914578822354,2.296980619430542,0.002024778448200474,-0.1336852342733764,2.630684987703959,0.00036590368884693213,-0.14353231813376238,2.6760019858678183,0.0006838014485159268,-0.1291684304447183,2.526212040583293,0.00030216271261451766,-0.13177977194181728,2.5870784759521483,0.0003200186920973162,-0.12323987095003654,1.7209707498550415,0.0002796774249873124,-0.09480956224789024,2.0221218903859457,0.0003889278741553426
117,-0.1540740247865964,2.4922272682189943,0.0011754334671422839,-0.4346503441894749,2.461711072921753,0.0020094306557439266,-0.13554990589503127,2.6364118337631224,0.0005361923273691597,-0.13811062475091476,2.696841756502787,0.0009878198150545358,-0.1290627249130599,2.531014625231425,0.00035899783106287944,-0.13690215259698044,2.613354293505351,0.00036326797950702406,-0.12608698447141006,1.7412682215372721,0.0003198586777822735,-0.09047588192525698,2.0302154461542767,0.00044491208779315154
118,-0.1594326284026941,2.5080044428507486,0.0009192191530019045,-0.434169449433891,2.4944685379664104,0.0018277042545378208,-0.1399874080476603,2.6458596150080362,0.00046366452782725296,-0.14246368694306583,2.7039116541544597,0.0004270697885658592,-0.1253699106031714,2.5498123168945312,0.00032994114105046416,-0.12560821830168548,2.619358436266581,0.00044493344127355763,-0.13968131387013816,1.7564352989196776,0.00030336881027324123,-0.09000427946056247,2.05215003490448,0.0005364076569094323
119,-0.14138583183009576,2.526564439137777,0.0009783560836998126,-0.39963110814005276,2.536138876279195,0.00217585030477494,-0.13716141224056155,2.6626733700434366,0.00037401050600844124,-0.13584505871432612,2.7180562893549602,0.00038461946339036026,-0.13737974190392285,2.55648558139801,0.0004297764365522501,-0.14549505619931738,2.625721510251363,0.0005884222904569469,-0.1358850356427777,1.765149470170339,0.0004084284252409513,-0.091136149585818,2.0518529216448465,0.0004921335038185741
120,-0.1505152144314127,2.535814118385315,0.0008945641990673417,-0.34700645278846876,2.494708601633708,0.0021980121460122366,-0.133052839089682,2.6826840162277223,0.00034655949372487763,-0.13243786412465006,2.7405752897262574,0.0004173511183277393,-0.12493887493627434,2.573305940628052,0.0004099985419694955,-0.1272172285200335,2.641754738489787,0.0005055759461053337,-0.13454447870589006,1.7857320110003154,0.00048350473419607926,-0.09903404960161427,2.0535786628723143,0.0004820371716050431
121,-0.1495539127502381,2.5468199650446572,0.0009451215097215027,-0.21724598758555583,2.2606242020924885,0.002010674933747699,-0.13760812575950784,2.6975417057673137,0.0003693126500972236,-0.14051122153475692,2.7400462865829467,0.0003734371794659334,-0.14054013971341323,2.580264131228129,0.00027573188417591156,-0.12652234345732297,2.6623128414154054,0.0004452703777739468,-0.13153880758314912,1.8002116839090982,0.0006461544331007947,-0.09688792377559527,2.0792465766270953,0.000403604485715429
122,-0.1465639015776636,2.564404352506002,0.0010346919181756676,-0.16827561963791393,2.322036083539327,0.001959014389043053,-0.1375733435926597,2.7040585199991862,0.0003349627814410875,-0.1389199472303915,2.7667511383692425,0.00040057381896379716,-0.1330377877066943,2.5941766341527304,0.0004054419138507607,-0.12967010613343746,2.681746077537537,0.00030235972177858155,-0.13051635049501428,1.810959021250407,0.00042768280448702477,-0.09276440613605015,2.0808635711669923,0.0003945673156219224
123,-0.15652016777839,2.572534743944804,0.0008871047573241716,-0.19435090639888408,2.381301927566528,0.00200388360923777,-0.13400254915838014,2.72665220896403,0.0003160003776429221,-0.13402411872531772,2.787733817100525,0.0011121395150742804,-0.13336505373685656,2.625225861867269,0.0003742800540445993,-0.1258750915719932,2.692603866259257,0.000335072010057047,-0.12678374637128595,1.8206808288892111,0.00030570206048044686,-0.09865663707016306,2.1013754844665526,0.0005181642996224885
124,-0.15495061909406624,2.5981501499811808,0.0008471987928108623,-0.20621873324300094,2.444781454404195,0.0022966908174566923,-0.13470223807772744,2.7347319602966307,0.0004212337987458644,-0.135756203114521,2.79046319325765,0.001056267661624588,-0.1305632662080835,2.6351577917734783,0.00037210799685756985,-0.12765325149448295,2.70572943687439,0.0005068624838410566,-0.1304301385022531,1.8230464657147725,0.00032532163604628297,-0.10050951830799913,2.1000701824824017,0.0011127682286314667
125,-0.15417583222365358,2.6169203440348308,0.0010113168857060373,-0.253509784571262,2.4394637902577716,0.002534931137536963,-0.1347571557630113,2.7478113571802774,0.0005011813846067525,-0.1367733625319499,2.812428840001424,0.0005729621421778575,-0.1274628208432152,2.651847743988037,0.0003344758146946939,-0.12741943023110763,2.727038621902466,0.00033521881414344534,-0.1254687401867765,1.8409853100776672,0.00036592550750356165,-0.09394393176793456,2.1137664238611857,0.0005989973443017031
126,-0.1459300187519058,2.6272116740544638,0.0011366348015144467,-0.33715860122697944,2.425467014312744,0.0024372145688782137,-0.13359468606419833,2.765479334195455,0.00037368666380643845,-0.13438562508726581,2.816613268852234,0.000483660963557971,-0.13219716089560687,2.6533802429835003,0.00036526214292583364,-0.13726015738837472,2.7452558994293215,0.00031688035669503735,-0.13256587599531341,1.853135347366333,0.0004023756909494599,-0.09381907947547227,2.11459002494812,0.0005608850061738243
127,-0.13755322802500844,2.632487408320109,0.0010472606537708393,-0.32388523236238936,2.534605781237284,0.00255980467190966,-0.12244083104254619,2.7760597308476767,0.00043545232232039175,-0.13988656202888441,2.8328022638956707,0.0004667407881546145,-0.12636748878161302,2.662937863667806,0.0007908713872893713,-0.13888751813048064,2.752916359901428,0.0004508554954857876,-0.12909246280791745,1.863030242919922,0.00036659085211188845,-0.09174236431243109,2.1273176511128744,0.0004822651584011813
128,-0.1422419068236477,2.6544334650039674,0.0010178787730789434,-0.3157520321698108,2.56668488184611,0.0024466864997521043,-0.12249232264192395,2.792562143007914,0.0004690764622258333,-0.13333250343211125,2.8505908489227294,0.0004405263835603061,-0.13096016899543397,2.691619809468587,0.0005744041064948154,-0.12981918119498176,2.7644139925638833,0.00043996044114464895,-0.1323303134852691,1.8794267058372498,0.00034413813846185804,-0.09657228336881211,2.1468468348185223,0.00045908981701359153
129,-0.1407482841897587,2.6679510275522866,0.0010008182473635922,-0.3203095697519551,2.6286686499913534,0.0024642453722966214,-0.122653189495514,2.8047202110290526,0.0004447097220690921,-0.1353146925866637,2.864544979731242,0.00044787753528604906,-0.13680068584241234,2.696923303604126,0.0003492267453111708,-0.1299429093525398,2.7822702566782636,0.00046906740996443354,-0.1291667224201924,1.8871617674827577,0.0003167091228533536,-0.09421667080019062,2.144563412666321,0.0006697391606091211
130,-0.14464128105848142,2.6768030961354574,0.0012717458147866031,-0.3215723415697823,2.6576480944951375,0.002340088268586745,-0.13245229924453186,2.808490443229675,0.0003997578208024303,-0.1300315040061809,2.884879970550537,0.00042201260706254594,-0.13229061691141503,2.717089827855428,0.0003037670481717214,-0.13424688956889494,2.802823305130005,0.0005016929101354132,-0.12732149555673317,1.903209646542867,0.0003415216924622655,-0.09103569128041868,2.1631338278452557,0.0006315512019985666
131,-0.1491445325226866,2.686186997095744,0.0010236183491845925,-0.3145234294167737,2.710816423098246,0.0020610638583699863,-0.12884649778153712,2.8332117398579917,0.00039318234582121173,-0.13280887291868634,2.89072732925415,0.0004158002324402332,-0.12237811305998396,2.7275357484817504,0.0003753386986015054,-0.13562514664708542,2.8176780859629313,0.000513061757859153,-0.1295958864411804,1.909976025422414,0.0008947856743664792,-0.09246611828335699,2.172506499290466,0.0004919419579285507
132,-0.1445110482996845,2.711900234222412,0.0012262556294444949,-0.3095225834278152,2.7388800541559855,0.002370870982607206,-0.12827376512823097,2.844239767392476,0.0004607057616037006,-0.1448661515212641,2.9017062187194824,0.00040668273286428305,-0.12589864418901817,2.752000029881795,0.00035415032325545324,-0.12980773175035853,2.835031342506409,0.0005830028996570036,-0.13507848386539795,1.9375147978464762,0.0005173568162717857,-0.09166162607026299,2.1701258182525636,0.00043375512371615816
133,-0.14712463699849654,2.728659971555074,0.001245743598944197,-0.2989649100653071,2.805879306793213,0.0020938008829640845,-0.12311157212969298,2.8542015393575033,0.00042791263161537547,-0.14036055173637188,2.9125342925389606,0.00044143396565535415,-0.13101851110797094,2.7496972401936848,0.00042462293592204027,-0.133298744462056,2.8494930267333984,0.00034757922160982466,-0.13314584848172686,1.9380584120750428,0.00042684636476527277,-0.09638112752779021,2.183656756083171,0.0004468833377662425
134,-0.14385702625046753,2.727538069089254,0.001019201889478912,-0.3062610589809843,2.83381245136261,0.0021039346427035826,-0.1282284446502169,2.8693116029103596,0.000725889343690748,-0.13283393980474775,2.923763060569763,0.0005353441597738613,-0.13427851352750883,2.7660457690556846,0.0005007238253407801,-0.13422186324150565,2.8528695583343504,0.00041376562633862096,-0.14259675522008658,1.9617499629656474,0.0004278601089026779,-0.08321725366468752,2.2047515630722048,0.0005236685615576183
135,-0.146468987368311,2.7509371042251587,0.001067522381587575,-0.29766699447975714,2.8580634276072185,0.0020740179150986176,-0.13334814752340157,2.8772281805674234,0.0004477571036356191,-0.12970878483900453,2.9473289330800374,0.000449866327107884,-0.12457537814576197,2.7834837834040322,0.00035952792580549916,-0.1278204989962423,2.876234277089437,0.0006279634593132263,-0.13179890931270902,1.972546927134196,0.000504020655353088,-0.09741103895603187,2.1798260609308877,0.0005697502594557591
136,-0.1387888568221459,2.761022710800171,0.0010325992344102511,-0.245796058460905,2.819596449534098,0.002051621062370638,-0.12414123161593267,2.9011667728424073,0.00034507365441337846,-0.13556497247720214,2.961798413594564,0.00039042882175029564,-0.12432886751702057,2.8043455600738527,0.0003394820290850475,-0.13851242338105224,2.8801862160364786,0.0007364394793209309,-0.12065363621739154,1.982479719320933,0.00034871403865205743,-0.09240784794646999,2.2056620359420775,0.0005928409053012728
137,-0.1442718284599446,2.782322382926941,0.0010156823904253543,-0.22014819059866578,2.8351682821909585,0.002602081967052072,-0.1254865350393429,2.9027793725331623,0.0004420741126523353,-0.13590447842610764,2.973771055539449,0.0004571583209326491,-0.12059440144512544,2.796424055099487,0.00024811757806067665,-0.13296995389134528,2.8966211080551147,0.0005627185484627262,-0.12379781318103864,1.9977834502855936,0.0005238147792018329,-0.09260888079338359,2.2166507482528686,0.0005280924883360664
138,-0.15697945948049982,2.792820207277934,0.0011590487769960116,-0.19595548297903403,2.8247344732284545,0.0026115960984801254,-0.13358211132001804,2.9197378158569336,0.0009601940643430377,-0.12762239735313716,2.9845083316167194,0.0004166019876720384,-0.12609257211958938,2.8109827041625977,0.000332198767864611,-0.12409719741759843,2.924922482172648,0.0005602403689408675,-0.12646027253105194,1.9992608825365703,0.0003585046390071511,-0.09307351998696532,2.235545206069946,0.00045866422393980123
139,-0.14417850620889733,2.811129609743754,0.001262038810333858,-0.16254669328062438,2.8292919556299845,0.0029553864733316004,-0.13289042085367633,2.9266078948974608,0.0009127490794829403,-0.12907474092418764,3.001035698254903,0.00044033320057981957,-0.12465441924963022,2.8315004825592043,0.0003486778043831388,-0.1350169733249029,2.920562752087911,0.00044106132263550536,-0.1317607845130749,2.024810290336609,0.0003704348564497195,-0.09248643209720038,2.2461450656255084,0.0004892823722911999
140,-0.14861947329879546,2.82148962020874,0.0009937440161593258,-0.18346633453768696,2.7900460879007976,0.002668725101587673,-0.1355962478587439,2.9533296823501587,0.00043396573940602444,-0.13211016373309506,3.0160955588022866,0.0004980854107998311,-0.12088117568783933,2.838660995165507,0.0003418157823034562,-0.1335229109997286,2.9466423273086546,0.00029430897072112806,-0.1347295376734275,2.0211445331573485,0.0003674514528635579,-0.1003335732687371,2.245787763595581,0.0006084365741116926
141,-0.1499566976917934,2.831724484761556,0.0013793720204072694,-0.2056874291369169,2.809609309832255,0.002638235529108594,-0.13066291644284847,2.9579314390818277,0.0003941256795466567,-0.1260480880876458,3.0307672739028932,0.00045139577802425873,-0.12859688417390147,2.854564356803894,0.0007750178046990186,-0.13735178450458446,2.954313135147095,0.00037615352533369636,-0.13006504801334637,2.037998632589976,0.000495102972490713,-0.09394907762101604,2.2545524994532267,0.0008025245983541633
142,-0.14579155657831439,2.8435136795043947,0.001041439885739237,-0.21413973637084266,2.8381959835688275,0.002870617317967117,-0.12793132455416342,2.9534567832946776,0.00039963761664694173,-0.13263784906434314,3.03403209845225,0.000499706717285638,-0.12557576399965276,2.8761971235275268,0.0003566942153459725,-0.14243946771310437,2.9694026072820026,0.0003734429046744481,-0.12849957284363694,2.0589255332946776,0.00041446992642401405,-0.09183580699593703,2.2542567888895673,0.0006446356477681547
143,-0.14173069609836153,2.858681321144104,0.0010341911751311273,-0.23556290185755918,2.8509376525878904,0.002354147261939943,-0.13216715443512084,2.9799339612325033,0.00036659046115043264,-0.1255983501214525,3.0493305206298826,0.0004192093435752516,-0.11883286375561508,2.884268045425415,0.0003899579324449102,-0.12926140751450524,2.982335615158081,0.00038283998098146793,-0.14090854187310026,2.0653639793395997,0.0005029074876802042,-0.09125788417212786,2.292154653867086,0.00046687339490745214
144,-0.1394669855925527,2.869415553410848,0.001051237181915591,-0.24446227353339703,2.8782365322113037,0.0028291133736881116,-0.1239788083731881,2.997969071070353,0.0004665676950632284,-0.13235947927369024,3.0620807965596515,0.0005624585911088313,-0.1301274750915719,2.880963746706645,0.0002824585909062686,-0.13500159100732598,3.003399880727132,0.0003710993080555151,-0.13486135744750907,2.076846186319987,0.0005045460265440245,-0.09411811599435155,2.273887530962626,0.0006713695106251786
145,-0.1425737331974925,2.890719413757324,0.0014946600422263145,-0.21199561312526918,2.9174028317133587,0.0028745850703368585,-0.12906611074107807,3.012406317392985,0.00037974024016875776,-0.1247139913545639,3.084928353627523,0.000735021659056656,-0.12984607311245713,2.9051331679026284,0.00032830194977577775,-0.13540867382459182,3.0115790446599324,0.0005164032598258927,-0.13646767644289926,2.0917436838150025,0.0005098982248455286,-0.10026674901059969,2.2844555060068767,0.0008793547409974659
146,-0.14465466188546697,2.8975306113560992,0.0009136744949501008,-0.19481218603550726,2.899070223172506,0.0025855556208019457,-0.12332807691770545,3.018094714482625,0.000557689496781677,-0.12509413758398105,3.091527303059896,0.0005243378274220352,-0.11879641311879355,2.9262580076853433,0.00024815846894246836,-0.1340651071350253,3.018208146095276,0.00042467201807691406,-0.13761536568615093,2.1082674503326415,0.0005344215625276168,-0.08887674947213178,2.296950268745422,0.0006865243378949041
147,-0.14171834720275486,2.9009433031082152,0.0010376812249887734,-0.139191514247914,2.864072489738464,0.002984096761792898,-0.1247483826049178,3.0408276319503784,0.0004949905346923818,-0.13156393044379708,3.1130645275115967,0.0005800152357551269,-0.1275665395076398,2.9358463525772094,0.00031180010021974645,-0.12218543473255201,3.0431058327356975,0.0003820211340401632,-0.14097584145985056,2.113598585128784,0.0006151633618477111,-0.09229680868329544,2.3255773226420087,0.0005811045809726541
148,-0.14054435862409814,2.9291937351226807,0.001054792465098823,-0.13263848459085312,2.8763583183288572,0.00324012409352387,-0.1140863934590878,3.043964147567749,0.00046321975629931935,-0.13241201851497433,3.1256895860036216,0.0008031654957449064,-0.12252160926975414,2.9453583717346192,0.0006083613193671529,-0.12737937554562545,3.048709511756897,0.00034620654963267347,-0.15152344232372608,2.1192994197209676,0.000508098947466351,-0.10115061386742259,2.3331597248713174,0.0004967465909430757
149,-0.14666308762206143,2.9467153469721477,0.0011182705056853592,-0.12167580850505402,2.9109659671783445,0.0026965282275341453,-0.122531247817155,3.051113406817118,0.0005600509573317443,-0.13382253277720635,3.139740991592407,0.0004942620328317086,-0.13421033496194804,2.962063185373942,0.00044747338397428394,-0.12818098190812174,3.061187744140625,0.0005488432322939237,-0.14384595739232703,2.1434241771697997,0.0005375252939605464,-0.0934071350824343,2.322783597310384,0.0007110539726757754
150,-0.14000417066774626,2.9476078748703003,0.0009685099823400379,-0.1241212953026358,2.91780899365743,0.002986062120180577,-0.12294175170200172,3.071694755554199,0.0004912276315735653,-0.1285664042348361,3.1413822015126547,0.000878276251993763,-0.12461755922926986,2.9715559005737306,0.000283818087579372,-0.13204742508869177,3.0739865064620973,0.0004596591917409872,-0.14398047630637614,2.147853144009908,0.00047731776139698924,-0.09883687289894123,2.334065302213033,0.0006517309782793745
151,-0.14128183483685358,2.9583595514297487,0.0009367410986063381,-0.12915934063803186,2.9423914273579914,0.0025340410686718923,-0.1199512041681803,3.072328797976176,0.0005577260347005601,-0.13015010999848045,3.1723599672317504,0.000563416652342615,-0.1274607801433448,2.987757857640584,0.00031535965269237446,-0.12456816628987975,3.080144008000692,0.0003782322290741528,-0.13379346431758737,2.1609166622161866,0.0004813856823602691,-0.09754492373842226,2.3613237380981444,0.0005634853868590046
152,-0.1328852835589108,2.980959916114807,0.0010277748398948461,-0.11286227865921218,2.9177294969558716,0.0027494231859842935,-0.12513567490493735,3.0959529876708984,0.0005283019219253523,-0.12363212592599411,3.1773541529973346,0.000587278651073575,-0.11840025281768153,2.9953354676564534,0.0004031915862772924,-0.143267717874635,3.1025792996088666,0.00043954787931094566,-0.13141579714918292,2.17264088789622,0.0005250669550150633,-0.09591107776546147,2.3572988589604695,0.0005270313151413575
153,-0.14291112626913666,2.9938079198201497,0.0012975044296278308,-0.11422611268091006,2.9399754762649537,0.002301719509220372,-0.12449853292407483,3.1034414132436114,0.000545541772347254,-0.11758015343827677,3.184824577967326,0.0006016605456049244,-0.12204857575778,3.0157650391260784,0.00040647328714840116,-0.12618163078721112,3.123163692156474,0.00038135279804312936,-0.13602314633822346,2.194574554761251,0.0005743897549109533,-0.09524752968214859,2.3652303139368693,0.000483082282395723
154,-0.14808844330647272,2.9987770001093548,0.0011466166450797269,-0.11523791015071917,2.9502870162328083,0.0031934800907038154,-0.12201267381525778,3.120572400093079,0.0005237219389528036,-0.12236046107104596,3.1899401426315306,0.0004111196874873713,-0.1310637716120659,3.0080610593159993,0.0007676942603817831,-0.13442284712354488,3.133892281850179,0.0004212717705134613,-0.1276029296700177,2.2004980723063152,0.0005731034102306391,-0.0947729863437492,2.384375508626302,0.0005524829146452248
155,-0.14828439023567447,3.016409333546956,0.001133862307566839,-0.126137899075247,2.9533519109090167,0.002706671083190789,-0.12499080845697888,3.1335892915725707,0.0008862266831177597,-0.10960776208164913,3.2093042532602944,0.00045083320680229614,-0.1310588301221037,3.0367784897486367,0.0003368755851018553,-0.1320129828406512,3.1485609213511148,0.00038544235236865156,-0.12044608780442083,2.22098171710968,0.0005101415998069569,-0.09535577397073287,2.3825484991073607,0.0007694489419615517
156,-0.14800256188856128,3.0254518032073974,0.0014182685660974433,-0.12234045187217393,2.965956783294678,0.0023662127321586015,-0.10983946242495699,3.143279957771301,0.000572070925651739,-0.1151422817917734,3.220317570368449,0.000612172472756356,-0.12066430769585083,3.0511715014775596,0.00032988862076308576,-0.12742581995302826,3.1558157841364545,0.0006952480965992436,-0.1176801597173212,2.2271585941314695,0.0005970004781071718,-0.08940226209476523,2.3874155918757123,0.0006550684590668728
157,-0.1443360027133092,3.0441654125849404,0.001295440966108193,-0.11660045005186385,2.9913518110911053,0.0023448462714441122,-0.12259351599523156,3.1509364366531374,0.0004008052385567377,-0.12454702635737938,3.2331618865331015,0.0006502711893214534,-0.13018808666531406,3.0541421095530192,0.00032797611735683557,-0.13239347780483587,3.1712206840515136,0.000354627411676726,-0.12035481365904245,2.230938458442688,0.0007435118401190266,-0.09637143890901954,2.4021600246429444,0.0005393096197318907
158,-0.14825740196642415,3.0534412622451783,0.0011954006874778619,-0.1082597300464065,2.9958381096522015,0.002535662524557362,-0.11733721839949017,3.186177062988281,0.000715204791049473,-0.12047600511266336,3.2284478902816773,0.0008384279363478224,-0.12669646739796764,3.0761173327763873,0.0003565157700601655,-0.13220009485829023,3.1697518189748126,0.0007365430908976122,-0.12003983874128456,2.248387662569682,0.00046096856434208654,-0.08978841015513471,2.397631057103475,0.0005888516325891639
159,-0.1540721482997287,3.06646200021108,0.00118559300317429,-0.11984241049376168,3.0076138655344646,0.0026933900041816133,-0.1257230735047106,3.1797615766525267,0.0004218461933002497,-0.11647224105309596,3.24844708442688,0.0006392145927141731,-0.12010147085078698,3.083704924583435,0.0003244015121405634,-0.14285588087463855,3.183027974764506,0.0008127278017733867,-0.12295906012600102,2.2621721506118773,0.000566506726318039,-0.09234526396915163,2.4202601512273154,0.0008142136784348015
160,-0.14493475813901432,3.085247015953064,0.0012037230015266686,-0.1109869809768469,3.0289899905522666,0.0026992825713629525,-0.12037541400177722,3.1881686051686606,0.0004939192711996536,-0.1182017364668484,3.2867143472035725,0.0004663580640529593,-0.12457366260776165,3.0911664168039956,0.0004586648938129656,-0.13801229854454095,3.195022432009379,0.0005408248214128738,-0.12751823925276154,2.2665077845255532,0.0005261693256519114,-0.09400394873508308,2.416089979807536,0.0006346563575789332
161,-0.1474710687505564,3.1040731350580852,0.0012966792778267215,-0.10944593231130537,3.0371327797571817,0.002923172386363149,-0.12014496007993618,3.200988189379374,0.0005018023017328233,-0.13002359748413356,3.2713702917099,0.0008226994017604738,-0.12016893858039009,3.1131160259246826,0.0006019833851799679,-0.13247094545528054,3.2298353910446167,0.0007165978240664117,-0.13221192839683232,2.2762007236480715,0.0005216132762143388,-0.08609602999482226,2.4338703314463297,0.0008075266358597825
162,-0.14975444224790765,3.115084997812907,0.0010894241412946334,-0.10251769286366394,3.027078715960185,0.002856801081604014,-0.12001350889005094,3.2076224803924562,0.0007073260853455092,-0.1295840875316801,3.292999831835429,0.0007147667405661195,-0.11819558097230788,3.1130871852238973,0.00037008835109494004,-0.12316447697583842,3.232072869936625,0.0003832135630849128,-0.13086249672486935,2.2827627738316854,0.0007366350066149608,-0.09549411514088503,2.4434890270233156,0.0007111033347124855
163,-0.1433673662284699,3.1236980597178143,0.0009258985053747892,-0.09752284619766886,3.0691842079162597,0.0033778419562925893,-0.12161875872792552,3.216179092725118,0.0006815106821401666,-0.12878732354069003,3.318082555135091,0.0006849134515505284,-0.11534813198500936,3.132647975285848,0.0004068170261840957,-0.12836368685364097,3.2501201550165812,0.0005622922083906209,-0.1220100617234934,2.3000287771224976,0.0005735013430239633,-0.0918137369048039,2.4420485417048137,0.0008058972579116623
164,-0.13730822769159506,3.126648219426473,0.0010999865965762485,-0.11529929735640487,3.056215937932332,0.0031769036936263244,-0.12898528738330178,3.238598092397054,0.0005864519082630674,-0.12659144516516735,3.320526393254598,0.0005857436044607311,-0.11944156264557003,3.1533101240793866,0.0006382695816379661,-0.1379188406555108,3.2680827538172403,0.0004472660832107067,-0.12478329532912709,2.3128398418426515,0.0005078718701649146,-0.1028171194692398,2.454019323984782,0.000675078962619106
165,-0.14890332589325567,3.1495062828063967,0.0013586231623776257,-0.11838698444596993,3.083477735519409,0.002648415385435025,-0.13076628517059932,3.2570516586303713,0.0005410739676638816,-0.12712770585506525,3.331421724955241,0.0005840580454484249,-0.11673849979627612,3.158719046910604,0.000546082488532799,-0.1351471265309448,3.2760252396265668,0.0006662671143809955,-0.1381137505864458,2.318113160133362,0.0006401015338875975,-0.10450007621242548,2.452744460105896,0.000621521799863937
166,-0.15590303279082812,3.1607157945632935,0.001311186272262906,-0.12723211610434604,3.111118459701538,0.0028025968155513206,-0.13079763214884435,3.243067423502604,0.0007627722797527288,-0.13102164208808276,3.337292194366455,0.0005537025746889413,-0.11820060252743979,3.1596787055333455,0.00033335503054937967,-0.12807324751198518,3.2873351017634076,0.0006337993865599856,-0.1282977742989054,2.3408852100372313,0.00044634971612443527,-0.08871736685932995,2.4731652895609537,0.0004750867577968165
167,-0.15975959964619305,3.1749279260635377,0.0011152057520424326,-0.10380977321882573,3.122859271367391,0.0029451947504033644,-0.12997292487897785,3.2658575614293417,0.0006111582915764302,-0.11963304957070646,3.3496965567270913,0.0006993425301819419,-0.11581590190110976,3.177431845664978,0.0003632659878348932,-0.13200884100494237,3.3015910387039185,0.0006231077335542068,-0.1265658830323983,2.3494598547617596,0.0005403566591364021,-0.09041780481671055,2.4802902777989706,0.0006409289092213536
168,-0.15516739518012482,3.1870383739471437,0.0011791771355395516,-0.11873524604275416,3.1237677097320558,0.002957336821903785,-0.1286746056356843,3.280901551246643,0.0004473813877363379,-0.12595985751713126,3.3606595834096273,0.0007825522887287661,-0.12020016459012477,3.181279015541077,0.00041244496145130446,-0.1358711252568518,3.3127880016962687,0.0004942103599508604,-0.11991398372000539,2.3613070329030355,0.0005793909813898306,-0.09322331419641784,2.488554819424947,0.0013005237095057964
169,-0.15063922888809972,3.2027111450831094,0.0011140784500942877,-0.1146742983775329,3.1338182210922243,0.002866942590723435,-0.12761309751771183,3.300053373972575,0.0005606928005969773,-0.11958730275008182,3.3811501185099284,0.0007365988761497041,-0.12178400789291798,3.2014535983403523,0.00033188936504302546,-0.12568000148759131,3.318853481610616,0.0006565082915282498,-0.12923630655777188,2.374738637606303,0.0004704868353049581,-0.10430450530141706,2.5040164788564048,0.0007895433625283962
170,-0.15014012155393525,3.2163298686345416,0.0010284051143874724,-0.12688453897981092,3.1288992881774904,0.003945164731703699,-0.12176335074136231,3.3075456619262695,0.0005935634593091285,-0.11881010934369862,3.3916226466496786,0.0005019743470863129,-0.12659480948681837,3.226342495282491,0.0004083709626380975,-0.12561427304264333,3.3386838992436725,0.0006556209419310714,-0.11965008727795594,2.3826560497283937,0.00046528182671560597,-0.10053338513494467,2.505273191134135,0.0005986650037812069
171,-0.15037211129546726,3.2368807951609293,0.0010284356287835787,-0.12243016342949754,3.167066518465678,0.003126989696950962,-0.11329450032038474,3.311214264233907,0.0005366360254508133,-0.12048116331615713,3.4027705430984496,0.0005712467983054619,-0.13144929919530504,3.2234015146891277,0.0005444750422611833,-0.12610339483605112,3.3561291058858234,0.00036865205086845286,-0.11725830918057366,2.3975666999816894,0.0009019658842589706,-0.09698019017034583,2.508646861712138,0.0006406832040132334
172,-0.14697387959343336,3.2435044844945273,0.0018673755519557744,-0.09946781314435112,3.179145614306132,0.0029223952520017822,-0.12200098872432844,3.328435476620992,0.0006669651619934787,-0.11690900041491688,3.409080974260966,0.0006081341212848202,-0.11995062078046811,3.2296226183573404,0.00033924825790260607,-0.1307983582013934,3.3645179748535154,0.0006676573645866787,-0.12326220615569668,2.4025447765986123,0.0004764500520347307,-0.09906476324070575,2.5236916383107504,0.0005686779467699428
173,-0.15079888960110593,3.240960693359375,0.0020081954503742357,-0.12438906860724286,3.1970378001530966,0.0035424719098955393,-0.11956744931566259,3.3451486349105837,0.0007234145217807963,-0.12429619172548413,3.428898580869039,0.0005912834438883389,-0.1252416785941751,3.2463879585266113,0.00033404358643262334,-0.13692545311834792,3.366101781527201,0.0009991602913942189,-0.12570545974686878,2.411434563000997,0.0004726360110604825,-0.09586162394443452,2.528399395942688,0.0008655219523158545
174,-0.14910497508780046,3.273261801401774,0.0015369556417378287,-0.12502950297903256,3.216267196337382,0.0036125089119498927,-0.12410349771201092,3.350820851325989,0.0006274098772943641,-0.12780691824917614,3.4388821125030518,0.0007073514823180934,-0.12540928055458242,3.2606630961100262,0.0004099846046301536,-0.1268673532537413,3.3939501841863,0.0008709523807434986,-0.13222957858682124,2.4210870345433553,0.0005058496884885244,-0.09190464613407899,2.5323296705881755,0.00101266762552162
175,-0.14145476896843942,3.277174186706543,0.0012171858514193445,-0.13868881786817414,3.2118863185246784,0.0028148424501220387,-0.12200720471378257,3.371635977427165,0.0009264904355707888,-0.1225218110776594,3.4416596333185834,0.0005889275159764414,-0.12082621593955323,3.272832004229228,0.00032889199210330846,-0.13182514301688247,3.410343289375305,0.000692983070621267,-0.13007205566746285,2.4291303555170694,0.0006229271151823923,-0.09319803094055822,2.534941840171814,0.0005262129716963197
176,-0.14556804284684263,3.300228301684062,0.0011604638032925625,-0.13405013649866343,3.2261595169703168,0.0028566569245109955,-0.12479638868457957,3.3661289691925047,0.0006152266296946134,-0.1281746294260213,3.4609654903411866,0.0005652254815989485,-0.11914149373819236,3.2892835696538287,0.00045177734864410013,-0.13477231044056742,3.417341446876526,0.0008404412384455403,-0.1319472543333267,2.4501440445582072,0.0005199189860528955,-0.0867122109684682,2.5732951402664184,0.0005142787743049363
177,-0.14769824426634787,3.3048680067062377,0.0012805895879864694,-0.12023984186783183,3.237464094161987,0.002891415435199936,-0.12116926950178718,3.380305528640747,0.0006121973807845885,-0.11573567406655279,3.4691610892613727,0.0009635286910148959,-0.12877065669803478,3.2955203294754027,0.00036932483005026976,-0.12761182561731063,3.425519903500875,0.0004326807960751466,-0.12788843603526975,2.462048228581746,0.0009139482649819304,-0.09131780650664406,2.5618946393330893,0.0005253546609310433
178,-0.14803516538851358,3.3109275817871096,0.0016228551374903569,-0.1263325529259023,3.246055905024211,0.003008235979359597,-0.11950913211323672,3.399082907040914,0.0005158175355366742,-0.12920393006066677,3.4866165558497113,0.000583437888417393,-0.12689334505333844,3.318219860394796,0.0004814098967472091,-0.12897070035093183,3.4417946497599283,0.00047941610003666334,-0.12839836894949028,2.462923192977905,0.0006265166186494753,-0.08415669131512488,2.578364857037862,0.0005051042108486097
179,-0.1471756407542659,3.3275935490926107,0.001358567647791157,-0.11409426463834185,3.265316287676493,0.0035121268903215725,-0.11718936951312026,3.4130762020746865,0.000627687339632151,-0.11654903760909616,3.496932061513265,0.0005765255492102976,-0.12996766354243508,3.3282479445139566,0.0006948192031510796,-0.1239107807044428,3.448545257250468,0.0005622825643513352,-0.12516584367390518,2.4682101249694823,0.0004790170797302077,-0.08566193834582793,2.5826711813608805,0.0005404990176126981
180,-0.15572520262455267,3.3541239976882933,0.0012167725537437946,-0.10739340167375594,3.2921695470809937,0.0035513568824778,-0.12135296685167979,3.408405598004659,0.0005532777392848705,-0.11742830063335892,3.5061649958292644,0.0005147921008756384,-0.11994552890538672,3.344753456115723,0.0006448118190746754,-0.13020286114965735,3.473554809888204,0.0005343878205167129,-0.1279906954944035,2.4887991428375242,0.0004682814081509908,-0.08886444743555882,2.590968656539917,0.0005840646248543635
181,-0.15076857015970832,3.3465003887812297,0.0016576741259389867,-0.11970893442421368,3.287332598368327,0.003147039496495078,-0.12237315027186955,3.4252955754597982,0.0008326562878210097,-0.12407852134524237,3.525628598531087,0.0005908784631174057,-0.12979944318315487,3.3387231826782227,0.0006860380449021856,-0.12637210924767375,3.4840581019719443,0.0009784741424179325,-0.1216543460936796,2.4962848663330077,0.0006400808866601438,-0.08830525877148389,2.60599578221639,0.0005891506307913612
182,-0.14251718185533319,3.361472241083781,0.0015883351928399254,-0.12378620559889236,3.289867901802063,0.0032396979862824083,-0.11727968249643046,3.4355141321818032,0.0009052354076023524,-0.12226773418531893,3.52553555170695,0.0006386623814857254,-0.12780702836280117,3.3720106442769366,0.0003784993391794463,-0.13171118072084448,3.502812131245931,0.000556850767073532,-0.1292709720478513,2.4966254154841105,0.0006303067377302796,-0.09168430953064001,2.6142329533894855,0.0005889743818746259
183,-0.14940075490955385,3.375805942217509,0.0014431501253663252,-0.11000527341696593,3.3029923836390176,0.003460674275023242,-0.11684912642491639,3.4688164552052814,0.0007272648363141343,-0.1209233575175379,3.5424933115641277,0.0006687560293357819,-0.13133363813993498,3.357099111874898,0.00035650164015047875,-0.13276440664846398,3.4997130552927653,0.0004651081437865893,-0.13778402997759198,2.5212650140126547,0.0007645237715526794,-0.0990672518666328,2.6199413855870564,0.0007506806248178085
184,-0.14119089774866928,3.385681144396464,0.0013966619580363234,-0.11285451507155295,3.3224849065144855,0.003979163027058045,-0.11406744352422965,3.4474939505259194,0.0005821719668650378,-0.12026285009139896,3.541608786582947,0.0005403905534573521,-0.12736631985226812,3.389870619773865,0.00036057589556245755,-0.12769072047095117,3.5013211250305174,0.0006574948774262641,-0.132207554706284,2.5319530725479127,0.0005598372740981479,-0.08402908531798707,2.6303980668385822,0.000706002854470474
185,-0.14659846080611802,3.4172436634699506,0.0014783683058340103,-0.12431838980330442,3.3327114899953205,0.0034196737067153054,-0.12506196370854175,3.4602174043655394,0.0008279918334058796,-0.1206149690295303,3.555993390083313,0.0005204847499650592,-0.1288015320344932,3.3899627526601157,0.0005215546193843086,-0.13314258572336873,3.5412946701049806,0.0004663716060652708,-0.12786622092185876,2.5307532866795857,0.0004554137762170285,-0.08498264843753477,2.616583013534546,0.0007248901810574655
186,-0.1486955053268563,3.423807239532471,0.0016977891034912318,-0.14785941161298505,3.349806571006775,0.0033708105018983286,-0.11054216822439765,3.486734986305237,0.0006954753092334917,-0.12794818306296854,3.5767701148986815,0.0006541498907608912,-0.12939295028808667,3.3996336857477822,0.0004003807291155681,-0.1309015461439847,3.552341079711914,0.000658436162242045,-0.12613335685676252,2.560166351000468,0.0004544048725316922,-0.08486433080576017,2.6419762849807737,0.0007479751026645923
187,-0.14751001037354666,3.441914510726929,0.0013583646388724447,-0.16538989170709076,3.3548142433166506,0.0036534579781194528,-0.12143616864677359,3.493238337834676,0.0006095927024337773,-0.12117421552128733,3.576282342274984,0.0005939066943634922,-0.12139678236741987,3.408605440457662,0.0003975880953172843,-0.12798533559993905,3.55355761051178,0.0005723722366383299,-0.13105656089169557,2.5656501690546674,0.0004151483221600453,-0.09663622450796057,2.6371360937754313,0.0005327205377398059
188,-0.15062070137471328,3.4504464864730835,0.0014345282300685842,-0.17499966855737906,3.365120355288188,0.0038512680291508633,-0.11874827992196958,3.5009974400202433,0.0008615279861260205,-0.1339730409917296,3.594131048520406,0.0006565809793149432,-0.1293745971227017,3.434070595105489,0.0004596341071495165,-0.1383510361466769,3.5781565427780153,0.00046091387533427525,-0.13255022538533662,2.5700533866882322,0.0005792796767006318,-0.08084641402628569,2.644074273109436,0.0006746935095482816
189,-0.15293873013154408,3.453783329327901,0.0017234401602763683,-0.163023043469304,3.428850762049357,0.0036204915726557375,-0.12157348257542798,3.5127785126368205,0.0009817802075607082,-0.13020981766432552,3.6016106367111207,0.0007707580962839226,-0.12479223902750955,3.4366615931193034,0.0004564320954765814,-0.12298608257886218,3.58301629225413,0.0007488816161639988,-0.12911055890297551,2.582273268699646,0.0005391613201936706,-0.08792777078513471,2.6591281016667683,0.001344603655161336
190,-0.15324676719804844,3.468829894065857,0.0016862425856137028,-0.16464988409522077,3.413231952985128,0.004144658908868829,-0.12628652701140225,3.5130728244781495,0.0006696097892321026,-0.12601003411741718,3.6229653199513754,0.0006411365999762589,-0.12103151063773769,3.4472807168960573,0.0003556169758667238,-0.1257319207256784,3.5884936809539796,0.0005280838483789315,-0.11996768115973121,2.598537556330363,0.0005686496335935468,-0.0811845204511913,2.653092948595683,0.0008860023197485134
191,-0.15401019811826405,3.4739646991093953,0.0015698152807696413,-0.15319337368062838,3.4076950867970783,0.0064614014389614265,-0.1262464982788279,3.5310919284820557,0.0008305384350630144,-0.12250556205404158,3.6269538402557373,0.0007575103838462383,-0.1297994936991845,3.475924833615621,0.00046596230095019564,-0.1184800950233725,3.6032742738723753,0.0005412499963616331,-0.11622679888709163,2.6054447571436565,0.0010767827974632383,-0.09448284349840455,2.6652337312698364,0.0007167343496500204
192,-0.15803590223802078,3.490667963027954,0.0017552100063767285,-0.11547662890622126,3.4159183343251547,0.004486808856017888,-0.11680156174598788,3.5396505276362102,0.0005955380358500407,-0.133773269571008,3.6410688797632855,0.0009762463072547689,-0.12587397396457492,3.47636612256368,0.0004168299628266444,-0.12220369464496571,3.603851898511251,0.0005915474466746673,-0.13117191490786026,2.623373341560364,0.0007009601686149836,-0.09792966967004733,2.663253172238668,0.0006606914141836266
193,-0.16720397913336446,3.5002718607584637,0.0017858448438346386,-0.12335727093239181,3.420942211151123,0.003793372446671128,-0.12452804281889664,3.5599713802337645,0.0008570941417322804,-0.1406430233314629,3.6513261715571086,0.0007622042176080868,-0.12356354425190677,3.4807732979456585,0.0005192206522527461,-0.12196914919966853,3.633334771792094,0.0006267387099796907,-0.12673865632033557,2.626074934005737,0.0004617531376425177,-0.09474131204721963,2.697611180941264,0.0006674751416236783
194,-0.15719599559754618,3.517040793100993,0.0014703302877023816,-0.13774285099268374,3.434953037897746,0.0034733791757995884,-0.12225063896010659,3.5576343536376953,0.0006523429241497069,-0.13443873023701292,3.6671748956044516,0.000713798727762575,-0.12492941826965208,3.4904958248138427,0.00047864577500149607,-0.12508078239797496,3.632697669665019,0.0005475730664329604,-0.11712252192516029,2.6399092356363933,0.0008367380088505646,-0.08902260854782168,2.6942716439565024,0.0006729669956257566
195,-0.1636209147236947,3.5352012793223064,0.0014167864496509234,-0.13830101993862126,3.4646250089009603,0.0033847515704110267,-0.12262869058686693,3.569924553235372,0.0009455895914773767,-0.1299588047571628,3.6708343426386514,0.000613970107709368,-0.12283167826663186,3.508466362953186,0.0006616923152857149,-0.1219880393591288,3.659400447209676,0.0007055560117199396,-0.1181503361089471,2.6488107204437257,0.0006107489908269297,-0.09060471422631229,2.692561904589335,0.0005954824950701247
196,-0.16719419447505315,3.5536725680033365,0.0017767021122078101,-0.12643915785578233,3.4826722224553426,0.004090606234967709,-0.125984637202124,3.580138993263245,0.0009487080484783897,-0.12974224008791943,3.6757861614227294,0.0006015003726740057,-0.12637651462215313,3.5216483592987062,0.0005393539371046548,-0.11808015651549363,3.6630967378616335,0.0007394024481376013,-0.1286446828689414,2.6585917393366496,0.0007189423447319617,-0.09018711091513018,2.7084681828816732,0.0010209458307751144
197,-0.16096451170151102,3.563676691055298,0.001555628729208062,-0.11632374764664245,3.4661487499872843,0.005076231008085112,-0.11799708405895024,3.596996959050496,0.000900470192815798,-0.12483874343768625,3.6802859544754027,0.0005987724357206996,-0.12516460534691318,3.5289199113845826,0.00043166566514022027,-0.11624937015595771,3.6643460671106975,0.0006484627248331283,-0.12455074752877318,2.6655775467554728,0.0005482595510936032,-0.08835803111979018,2.704126731554667,0.0008674003028621276
198,-0.1557001712794743,3.565006470680237,0.001600880748204266,-0.13508432057194905,3.4830426295598347,0.0036827656906098126,-0.1216433707481601,3.617087467511495,0.0007068500970490276,-0.12847849067117384,3.7075435241063435,0.0006249967787880451,-0.12569892081047912,3.53443706035614,0.0004409660638581651,-0.1223139277740472,3.666433262825012,0.0010587606511156386,-0.12465375557958422,2.685677162806193,0.0007018347726746773,-0.08402551277318619,2.7190000931421916,0.0006185051267190526
199,-0.15537509485051837,3.577067216237386,0.00196756658066685,-0.12544005070019218,3.482109618186951,0.00364096836031725,-0.1236078894782335,3.6242358843485514,0.001106091010539482,-0.12119625515697534,3.723801358540853,0.0006842587802869579,-0.1292028324441779,3.539242323239644,0.0006381421107410763,-0.11982898886699182,3.693744977315267,0.0007182393902136634,-0.12061962282548569,2.7011915922164915,0.0005484787727861355,-0.08376962647592713,2.7277684450149535,0.0007061237624535958
200,-0.15665405292713183,3.597508756319682,0.0019351699117881556,-0.11195091883914934,3.4876588106155397,0.0038878254514808455,-0.12690757950988332,3.636587715148926,0.0008059014042373746,-0.1348721517035729,3.7121971289316815,0.0008018925844226032,-0.1277775620902258,3.567963433265686,0.0006076954411886012,-0.12354462579230537,3.697918740908305,0.0006187086080899462,-0.11570155132524788,2.702219041188558,0.0005741250788560137,-0.08826922742098556,2.7330085833867392,0.0006147807677431653
201,-0.15461945691651055,3.5987953742345176,0.0018030949868261814,-0.11021787950425967,3.5104363679885866,0.004123711353167891,-0.12450744767849839,3.638105805714925,0.0007759005578312402,-0.12690192719401566,3.7406723340352377,0.0009702157704547669,-0.12627343839443142,3.572815211613973,0.000407081691082567,-0.12495624336260937,3.7176395734151204,0.0005777765259457131,-0.12238708130445043,2.7090586264928183,0.0005215066717937589,-0.09671931960635391,2.727134696642558,0.0006014833779772744
202,-0.15635432535884156,3.617316174507141,0.002048150709985445,-0.10111892126658999,3.5371134916941327,0.003659524202036361,-0.11786767452941396,3.6522101084391276,0.0008440948266070336,-0.13717789440373096,3.746419382095337,0.0007891616735529775,-0.11710408289690001,3.5863833745320637,0.000633435013393561,-0.11916870229548591,3.725385538736979,0.000729798089984494,-0.11963203322948078,2.723634394009908,0.0004972546827048063,-0.0936862951781431,2.7416300773620605,0.0007415420860828211
203,-0.16186686414166346,3.6168508768081664,0.0016730373492464424,-0.11912596798904901,3.5351431449254354,0.003707943685973684,-0.11930464966858376,3.6486671924591065,0.0010368796482604617,-0.12786526845001622,3.7597756067911785,0.0007607278608096142,-0.1301745853673393,3.5969138224919637,0.0004910625818107898,-0.11273030490828309,3.7306003967920938,0.0005840456607984379,-0.11960354255547273,2.7320815563201903,0.0005450760198679442,-0.09264165926888891,2.7507873296737673,0.0006899731495650485
204,-0.15618577635681188,3.6371206124623616,0.0022531216226828596,-0.11517263705683958,3.5387952168782553,0.00383733370496581,-0.12999601939804867,3.6653615395228067,0.0006932129831208537,-0.11768075830125507,3.7604345957438152,0.0006924148551964511,-0.12822196472888875,3.600969497362773,0.0005817463218894167,-0.1265231575610448,3.7424073537190754,0.0008256607931495333,-0.12915981475936594,2.723722211519877,0.0005339459467601652,-0.10221428479880064,2.7653523445129395,0.0009303649208353211
205,-0.1618381140203578,3.658406678835551,0.0022401417566773794,-0.12694038595493862,3.527115551630656,0.003999298469473918,-0.12327997378055092,3.6818307797114054,0.0009069722514444341,-0.11704346328431363,3.783236614863078,0.0006915680996219937,-0.12824078647644555,3.6157949765523276,0.000590118725085631,-0.11810011576406719,3.753579099973043,0.0005049692563867818,-0.12970817550609534,2.7500235795974732,0.0005328003472338121,-0.09475644360295991,2.759619609514872,0.0009508034524818262
206,-0.1663528260163129,3.6766185998916625,0.0017891796111750107,-0.12237069948939085,3.5479658047358194,0.005454906650508444,-0.12372387436472274,3.683547282218933,0.0007309526641620323,-0.12663530190628688,3.7993685801823935,0.0009521445696009323,-0.1213651759646023,3.6269858360290526,0.0005384526923686887,-0.11692141703608978,3.7713637590408324,0.0005474259640322998,-0.13818329226472661,2.761572019259135,0.0005314519085610907,-0.07724463647025542,2.7846435864766437,0.0008974762885676076
207,-0.16271425006690593,3.6854615608851113,0.0016434056723179916,-0.12172196709091977,3.57335471312205,0.00489026423698912,-0.10929212302697913,3.6958179394404094,0.0007913637460054209,-0.12435395929316702,3.8188230196634927,0.0010129867548433443,-0.12266405741637912,3.6486821015675863,0.0005048828849491352,-0.12004095630286646,3.783362897237142,0.0006016323478737225,-0.12143898052574112,2.773927648862203,0.0005171857977984473,-0.09042765403918722,2.779066721598307,0.0007766669994452968
208,-0.15354539283952323,3.6924929141998293,0.0019889828632585703,-0.11679874102463038,3.593562189737956,0.0043300035797680415,-0.11399697853658096,3.7113598744074503,0.000819222455417427,-0.12919494676113866,3.8022815068562825,0.0007713864237302914,-0.12399832534089764,3.660529645284017,0.0006682129508893316,-0.1184537551576285,3.7860716422398886,0.0006259654299356043,-0.12421777104560203,2.786255693435669,0.0004968666859592,-0.09714027868589377,2.8053056478500364,0.0006911897925116743
209,-0.15873155272141085,3.7041995604832967,0.0016157067148014903,-0.11761305005568233,3.5943349679311116,0.004989866454464694,-0.12267580080998487,3.7115891853968304,0.0007964843253527458,-0.12064256620159712,3.829021946589152,0.001293810037896037,-0.11960459421642093,3.667956026395162,0.0006451447829022072,-0.1214683168162463,3.798917770385742,0.0005705330967127035,-0.12335496958246771,2.786469753583272,0.0007334740638422469,-0.09365578414882973,2.8110568126042685,0.0007878493634052575
210,-0.1579967859486434,3.721285605430603,0.0018657844280824064,-0.1350922158741037,3.6106330792109174,0.004553089500404894,-0.12733491830457008,3.721388308207194,0.0008381775609450415,-0.13714226192192136,3.83000697294871,0.0007069571748919164,-0.12833153829932822,3.675571314493815,0.0005457240234439572,-0.12244972041613421,3.797622728347778,0.0005739599214090656,-0.1201099245234459,2.810016322135925,0.0006798598905637239,-0.07710010060343066,2.798279349009196,0.0008726071973796934
211,-0.15956306942264364,3.7351489941279095,0.0017177525248068075,-0.1318064616604339,3.58190077940623,0.004318008765888711,-0.12246799317510686,3.7306124130884806,0.0008595495154925932,-0.11925384602345598,3.8382845481236774,0.0007287135454438006,-0.12471396483389764,3.67590217590332,0.000449788203695789,-0.12254711624857688,3.806255801518758,0.0006498461385490373,-0.1307332170082581,2.810409673055013,0.0005472794126641626,-0.09073784219704799,2.7910292784372968,0.0005645357547715927
212,-0.15063235067448227,3.7475226958592733,0.0019642089842818677,-0.1233348544934263,3.629347864786784,0.004364263134387632,-0.12830961803797167,3.7382825136184694,0.001291857126246517,-0.12946116896792892,3.8538930654525756,0.0008190216263756156,-0.12831496719355448,3.6994284550348917,0.0005284407564128438,-0.12585273079545997,3.8166750192642214,0.000658900541990685,-0.1264196175569981,2.8334815581639607,0.0006016053346684202,-0.09400498251224594,2.8290136496225995,0.0007942861479629452
213,-0.15998641761356872,3.7625409841537474,0.0015767705083514253,-0.13623502888581587,3.6399001042048136,0.004445167312708994,-0.11806932353285872,3.762592562039693,0.0009915643779095263,-0.12676787606111095,3.864931027094523,0.0007507009945887451,-0.12486206736470666,3.7071864287058514,0.0005922652577282861,-0.12493482305328403,3.8428492148717246,0.0007329446913596863,-0.13672053611357224,2.825878699620565,0.0005884396615632189,-0.09203134185480298,2.828159538904826,0.0008267327551341926
214,-0.15071186233239545,3.7604878346125283,0.001979626208776608,-0.12747636580038935,3.631730643908183,0.005854654358699918,-0.1208260023650738,3.7585289319356283,0.0009101760922931134,-0.13275902954348423,3.873803901672363,0.0008239237397598723,-0.12475710948264071,3.7230117400487264,0.00041552542922242234,-0.12317717700076772,3.84817324479421,0.0010466085087197522,-0.12382959117562502,2.843497625986735,0.0006644061611344417,-0.09647393166433055,2.8111689567565916,0.0009352912602480501
215,-0.15432673202117783,3.7814556121826173,0.001781710823221753,-0.12531519883226694,3.672387623786926,0.0049157424674679834,-0.1251105512373931,3.771674633026123,0.0007523162096428374,-0.14683976171311636,3.891343092918396,0.0016230750596150755,-0.1282495956082558,3.7323063453038534,0.00048459098713162044,-0.11525074163546754,3.8608890453974407,0.0007784961451155444,-0.1301816836159295,2.8660820563634237,0.0008493626829780017,-0.08156649136410012,2.8426294247309367,0.0010216117390276244
216,-0.15476214820658854,3.7960699717203776,0.0018060955684632064,-0.11680510760598437,3.6828439871470136,0.004392405156977475,-0.11538479221840407,3.78752380212148,0.0008147059648763389,-0.12772425598644332,3.9008837223052977,0.001078343641711399,-0.12235135419083423,3.7374286810557047,0.0004560828732792288,-0.11989510593513172,3.859528144200643,0.0010438931504419694,-0.1254527174443197,2.874404780069987,0.0006664454180281609,-0.090418753052444,2.8442413409550986,0.0007067543085819731
217,-0.15628481729937857,3.8009605407714844,0.0018597176453719537,-0.11218994285922501,3.707693926493327,0.0043195675670479735,-0.11533904887763222,3.7947625637054445,0.0008205635395521919,-0.1342508582494372,3.8978893041610716,0.0007123626487251992,-0.12738853231253328,3.7683889468510947,0.000494819600135088,-0.10665311884634927,3.880163033803304,0.0006722058906840782,-0.12667864784377877,2.8776345014572144,0.0006701264200576891,-0.08476967609620424,2.8425162474314374,0.0005820296161497632
218,-0.15773256795502624,3.8081610600153604,0.0022623015684075654,-0.11379941783329703,3.7143816788991293,0.005288975887621442,-0.11990119306982847,3.8139512062072756,0.0009203982714097947,-0.13171319998184894,3.931426771481832,0.00113107772776857,-0.11818012735437129,3.757123613357544,0.0006097555558274811,-0.11603087775615104,3.895854139328003,0.0006254178374850501,-0.13758993135042855,2.8942378044128416,0.0010645320144249126,-0.0816659054827768,2.8411288340886434,0.0006782469553096841
219,-0.15903077577412014,3.8338375806808473,0.002313551970291883,-0.15541318910194948,3.6819154818852744,0.0044438872563963136,-0.11763813604498799,3.8089975277582804,0.000824436234931151,-0.11846724936906698,3.9301885843276976,0.0007750360139956077,-0.12478351171375958,3.7765625715255737,0.0006870726986865824,-0.10989113638919296,3.9064990997314455,0.0009218332095770165,-0.1329244958554414,2.8967631101608275,0.0006368305136372024,-0.09991315743730847,2.852685491243998,0.000629526474707139
220,-0.15565044811235804,3.8387632369995117,0.0017796335741877556,-0.1539974163314848,3.7408638159434,0.005920431630996367,-0.10917086254529537,3.827080734570821,0.0009684268637405088,-0.12758372689384187,3.9400285561879476,0.0009800249623367562,-0.11863796641646868,3.790234994888306,0.00048721345665398986,-0.11230832645351889,3.91523756980896,0.0006420778324051449,-0.13079902212913178,2.899210214614868,0.0007142821908928454,-0.08011663200560351,2.8685445547103883,0.0006834922659133251
221,-0.15816408608843122,3.8551795562108357,0.0019334203330799936,-0.15469985112290008,3.7792477130889894,0.00516047024478515,-0.1212197748204257,3.83679039478302,0.0009967458366494004,-0.12420747459673387,3.962861736615499,0.0007941435537456225,-0.11800541330461033,3.7893691857655845,0.0005039901957691957,-0.11499153063702196,3.9109257221221925,0.0007891146398227041,-0.14686080184592373,2.9121957699457806,0.0007828757593718668,-0.09367237464549868,2.8655055363972983,0.0007724980367735649
222,-0.16400778914053127,3.8586379130681356,0.0019389506856290002,-0.1533686477990466,3.7531511227289838,0.005025726525733868,-0.12204778604259675,3.8519803524017333,0.0012063422453744957,-0.11690455069499968,3.955657696723938,0.000969702205232655,-0.11973879469375337,3.811526052157084,0.0006918076251167804,-0.1190374617847396,3.9108688036600747,0.0009144039436553915,-0.1351789239002942,2.9373301029205323,0.0006029629041828836,-0.094891173092847,2.8906863768895468,0.0009082053205929696
223,-0.16244241451655916,3.886144193013509,0.0017633237992413342,-0.15451095613898277,3.759420148531596,0.0052763710264116526,-0.12600794863010784,3.8467441320419313,0.0011369584574519346,-0.1292352824104108,3.9912001371383665,0.0007474587463851397,-0.11506361049861244,3.819931451479594,0.0005405216730044534,-0.11417110406501277,3.9333812316258747,0.000704633347534885,-0.15173880005624432,2.9432018518447878,0.0005799738467127705,-0.08522464387089045,2.885627110799154,0.0006975966069148853
224,-0.15538978243384333,3.8789883931477864,0.002229677647119388,-0.1616617559979627,3.7720317681630453,0.004429980965020756,-0.12688759190326615,3.8564360618591307,0.0012765931508814294,-0.11927837632950465,3.9678228298823037,0.0007624554826179519,-0.12562702377358553,3.838761655489604,0.0007580306545908873,-0.11212252239651661,3.9470976988474527,0.0006615660143628096,-0.14876130611609237,2.9446199496587115,0.000785519204994974,-0.10964865110013713,2.887266818682353,0.0006368075264617801
225,-0.1564536525775272,3.898277187347412,0.002224099407127748,-0.1677038954561469,3.789390524228414,0.005314834276214242,-0.13595875311231972,3.8760235706965127,0.0010557517622752737,-0.12061684390987285,3.9932618459065754,0.00069057637010701,-0.1247541638422272,3.849862829844157,0.0007867116791506608,-0.10895081654620012,3.956858483950297,0.001217148479190655,-0.13973142438955827,2.968810232480367,0.0007589674758492037,-0.08619066200620823,2.9056398073832193,0.000720121889996032
226,-0.1685684160270734,3.914502008756002,0.0021958192305949827,-0.1582303690873239,3.8514610290527345,0.004355938577403625,-0.133132018821502,3.8686570723851523,0.001233359680433447,-0.11104758357811331,4.005994280179341,0.0007244766874161239,-0.12569325431619544,3.8581204493840535,0.0006523234633884083,-0.12949575797878987,3.973392669359843,0.0007832270018601169,-0.1269231220436793,2.974386517206828,0.0007683852270323162,-0.09106304910067152,2.902353318532308,0.0008468281982156137
227,-0.16127781388476312,3.926845637957255,0.0018548458504180113,-0.15484288454789571,3.8399255593617756,0.00446932737249881,-0.12616429586414576,3.8832479238510134,0.001025841287143218,-0.1133728798273883,4.026198077201843,0.0010715227884550889,-0.1268673301338316,3.8596635182698567,0.00043746897814950594,-0.11105109543977838,3.9694730679194135,0.0006303428313306843,-0.12848108518547077,2.9777050018310547,0.0008239724382292479,-0.08861624876859242,2.907954970995585,0.0008288611803436652
228,-0.14764552553383453,3.936665431658427,0.002145279412313054,-0.1487059279975181,3.828079032897949,0.003945728003357848,-0.12795858996206377,3.895342310269674,0.0011099452822236344,-0.11688066334999749,4.0339354276657104,0.0007182810397353024,-0.12203637116996995,3.8756219228108724,0.0005178899591555819,-0.10103390132808328,3.981230290730794,0.0009233939150969187,-0.1308311371007968,2.984109091758728,0.0006747417666095619,-0.07746561255463973,2.922540068626404,0.0006588081140459205
229,-0.14960844649855007,3.960023013750712,0.002023974561598152,-0.14563773019161702,3.8791218280792235,0.003989298245869577,-0.12448027956532694,3.9093818346659344,0.0012911383440950886,-0.1159717475583931,4.027044113477071,0.000662160140927881,-0.12608601739770722,3.884448838233948,0.0005037129245465622,-0.10424646000480538,3.9840240399042766,0.0008503324817866087,-0.13484433962939688,2.993453764915466,0.0005529079033294692,-0.08203911073040021,2.936697316169739,0.0007556710081795851
230,-0.14070092290352001,3.9814124504725137,0.0018466139774924765,-0.15217864929643407,3.8847134828567507,0.004053199190335969,-0.1317177147665167,3.906295895576477,0.000959058521160235,-0.11872885806817096,4.038020610809326,0.0007472819367346043,-0.12384638867433903,3.887179708480835,0.0005022970164039483,-0.11881552839801464,3.9987032254536947,0.0007615167676704004,-0.13647577276529585,3.0028549512227376,0.0006496579405696442,-0.08592065212645404,2.936714283625285,0.0010049701493699103
231,-0.14771716745539193,3.981102991104126,0.0019970141584053636,-0.15081021491150579,3.905863046646118,0.004445480462163687,-0.12823106883048505,3.9268479426701863,0.0009444659226574004,-0.12217520614502668,4.055333169301351,0.0007753772476765638,-0.12279351931791745,3.9037423769632977,0.00046665137148617456,-0.11082394188632445,4.023296864827474,0.0006921289692400024,-0.1534616803719368,3.023265830675761,0.0007091171311913059,-0.08322398216845665,2.9407063245773317,0.0007109400146873667
232,-0.15436087558212863,3.9864439805348715,0.002069874443501855,-0.1634537198865233,3.874507721265157,0.0050130060718705256,-0.12969469943374942,3.9369694630304974,0.0007529548359646773,-0.1209718403239875,4.064077790578207,0.000681211236709108,-0.12041153711500065,3.898208832740784,0.0006293964096888278,-0.11491004973375558,4.012862261136373,0.0008557828744718184,-0.15009740447679648,3.033833885192871,0.0006410392816178501,-0.08959562217221585,2.954491662979126,0.0006001178475950534
233,-0.14088758277029792,3.998541076978048,0.0016745506630589564,-0.1681851601849726,3.9054873466491697,0.0045707763948788244,-0.12216016014099826,3.940210795402527,0.0011373486117615054,-0.11749768654671075,4.05809854666392,0.0007667725925178578,-0.12529985642568012,3.926024595896403,0.0007378325070021674,-0.11097484897399316,4.0316437403361,0.0008610030073517313,-0.15683800093162226,3.0421907107035318,0.0006721656090424706,-0.09140928699930526,2.9465005079905193,0.0006747059368838866
234,-0.1536006254524072,4.0108944495519,0.0019670392114979527,-0.15015191558292368,3.970742201805115,0.005134484979013602,-0.13004430947668785,3.9574151674906415,0.0011969969025813043,-0.11438966263235288,4.090028508504232,0.0008619292726507411,-0.12849608677077648,3.930492623647054,0.000812745409590813,-0.106703511902754,4.0303382476170855,0.001383306150091812,-0.16036573594583997,3.0534090598424277,0.0006091842864407226,-0.09557008165896146,2.9571935415267943,0.0007667816748532156
235,-0.1555875578205827,4.022198804219564,0.0019222763677438101,-0.1623300618273839,3.962148340543111,0.004652768032004436,-0.129699895603619,3.9645910024642945,0.0009743970585986972,-0.10914394264784844,4.096792880694071,0.0008027126352923612,-0.12105756535908038,3.9668352047602338,0.0010034659208031371,-0.1131744877469858,4.040410844484965,0.001100724238009813,-0.15437377642774144,3.0647898515065513,0.0007542105032674347,-0.08859549261261965,2.9798264662424723,0.0007808044843841344
236,-0.1650846383174169,4.031819264094035,0.0022542281231532494,-0.15856128705233488,3.970754035313924,0.004664766252972186,-0.1306288372328313,3.965966749191284,0.0009090294023432459,-0.11452608426764788,4.105643542607625,0.0007846663026915242,-0.12364774995096434,3.9478081305821737,0.0004970060118163626,-0.11294787486541005,4.054128495852153,0.0006523210264276713,-0.14824216748888552,3.0639156421025593,0.001293355890084058,-0.10213978755497426,2.962004852294922,0.0010826972235615055
237,-0.15782983272330187,4.04453759988149,0.0026318978401832283,-0.15147643628028767,4.031666429837545,0.0045951960453142725,-0.1238039731478368,3.9827934821446735,0.0008066296150597434,-0.11956235105419862,4.124315039316813,0.0008323501911945641,-0.12028272533157769,3.966706085205078,0.0004797532683975684,-0.11231484510293364,4.064772097269694,0.0008417624466043587,-0.1557739629457526,3.0775483290354413,0.0011203449704529098,-0.08885884636601686,2.9888067404429117,0.0010652222534796843
238,-0.15496681151779662,4.055047146479288,0.0024479047278873622,-0.15293810591246038,4.026630091667175,0.004654934008916219,-0.12176880879232745,3.990306083361308,0.0009441142339104166,-0.11991527003999054,4.130085420608521,0.0007309000318249067,-0.12077583571409647,3.978614362080892,0.0006149634117415796,-0.1172198017365482,4.079175551732381,0.0006569617049535737,-0.16011205688085778,3.080104923248291,0.0008070210227742791,-0.09198946425103818,2.999528193473816,0.0008157108939485624
239,-0.15737177816439235,4.065858395894368,0.002010714448988438,-0.1602913189899558,4.0245839277903235,0.005839376174844801,-0.12330807136677183,3.996539338429769,0.0009130170064357419,-0.11606643466588014,4.123447259267171,0.0007274532205580423,-0.12139953096824295,3.9644780000050863,0.0005968187615508214,-0.11481289646138575,4.096161937713623,0.0010109392770876488,-0.15124617177052968,3.106532096862793,0.0007693758011252309,-0.09223591478956172,3.0148825009663898,0.0007895295188063755
240,-0.15710436207227693,4.084753314654033,0.0021660495161389313,-0.15518416533497667,4.04645741780599,0.004519005243976911,-0.11898742972040446,3.9904806931813557,0.0009666160156484693,-0.12351541530345655,4.145661735534668,0.0009893923571022848,-0.11949046407057007,3.993871728579203,0.0005728654854465276,-0.12019835612186137,4.1071906089782715,0.0008312332618515938,-0.14721519733409913,3.1211687962214154,0.0008090232343723377,-0.08670841798764581,2.988752579689026,0.0010887782108814767
241,-0.15404807267538495,4.08563445409139,0.0016821649430009227,-0.1688715256087611,4.052869447072347,0.006015065669392546,-0.11960509613859986,4.008286023139954,0.0009798857538650433,-0.11897046525761135,4.180008236567179,0.0009036115855754664,-0.11970589997248876,4.012229363123576,0.0007749082016137739,-0.12722947884537375,4.1052197774251304,0.0008417347339369978,-0.15568468668926727,3.1209968169530233,0.0007444320091356834,-0.09008603546519624,3.0190118153889975,0.0009171764482744038
242,-0.15156683009380087,4.11328665415446,0.0019391061059044054,-0.16693269644783754,4.0739395459493,0.005080627797481915,-0.1289998184704381,4.022116009394328,0.0008189100112455587,-0.12577664693191518,4.159574222564697,0.0007184522527192409,-0.11891445416119671,4.021839006741842,0.0005128770814432452,-0.11188991473256035,4.1063225587209065,0.0007134962264293184,-0.14474933195170323,3.1311908960342407,0.0009081757375194381,-0.08633890609529773,2.9828888177871704,0.0014473800372797995
243,-0.14787164318633078,4.11101663907369,0.0024467824240370344,-0.1507118088535925,4.0831425587336225,0.00453833924451222,-0.11902927470666587,4.0311013062795,0.000888869878447925,-0.1323604585624733,4.178158124287923,0.0008031139974870408,-0.11845381808187354,4.022247171401977,0.0008425898161173488,-0.12394181912763345,4.126023070017497,0.0008034297245709846,-0.1379551309029721,3.1350184440612794,0.0008345343502393613,-0.08229655110490894,3.0274361610412597,0.0010159805155126379
244,-0.15586979801447715,4.132704973220825,0.0021171921126854915,-0.14629457191900547,4.092719221115113,0.004670636433487137,-0.12146413763163709,4.045606859525045,0.0007911325606983155,-0.12341427935598602,4.191298882166545,0.0007415874899985889,-0.11250715059322514,4.0456143617630005,0.0007698074759294589,-0.10960076043807448,4.1250190258026125,0.00085312836842301,-0.13143025058728564,3.170290803909302,0.0008420246362220496,-0.090545462349353,3.0128981669743857,0.0010235501977149397
245,-0.16671655547603936,4.1294289350509645,0.002163192117586732,-0.12368591218563614,4.102697237332662,0.005008069092097381,-0.11991674866992846,4.047161984443664,0.0009244127548299729,-0.1251843931756465,4.182876030604045,0.0008165498438756913,-0.12313004294670295,4.041286770502726,0.0006394484701255957,-0.1254053420998014,4.134469827016194,0.000808182176357756,-0.12783879052528382,3.1498084624608356,0.0008041742044345786,-0.0978999957149319,3.027921954790751,0.0009052764614655947
246,-0.15620031188925185,4.140452019373575,0.0019026941969059407,-0.13677734254789467,4.0906057516733805,0.005538272873188059,-0.11674578239183317,4.052195127805074,0.001129333645803854,-0.12231648839473638,4.208505137761434,0.0007366541365627199,-0.11598218745711801,4.060358834266663,0.0006605262305432309,-0.12778017578658993,4.141730769475301,0.0008355901712396493,-0.159054528479427,3.157927902539571,0.000863023924951752,-0.08475399432405534,3.0403914054234824,0.0008527464504974584
247,-0.152220275148907,4.1638778368631995,0.0017012259845311443,-0.16738860158409083,4.071991229057312,0.005509017764901121,-0.11916206204941426,4.075442051887512,0.0012358565028989688,-0.10989852405129104,4.211167494455974,0.0008758144336752594,-0.11961081877149628,4.062463204065959,0.0007726804401803141,-0.1169852215906265,4.142224740982056,0.001062400612863712,-0.16698337256149065,3.165354339281718,0.00060009152124015,-0.08419962735729794,3.041176772117615,0.0008240402094088495
248,-0.14635626477310917,4.162888590494791,0.0017790523590520025,-0.20754298902452994,4.061122043927511,0.004402644621829192,-0.11137067454215172,4.078143978118897,0.0008530660707037896,-0.12524425008283852,4.210172700881958,0.0009426976864536603,-0.12329380751476275,4.064541697502136,0.0011245021868186691,-0.12700371080826636,4.158348019917806,0.0013326007164626693,-0.16379358794253712,3.196901535987854,0.000809349234138305,-0.0763593483454266,3.054096523920695,0.0007032703579170629
249,-0.15282033973588244,4.185249519348145,0.002064938701611633,-0.18546778010054102,4.1128933191299435,0.005313112881655494,-0.11428203579173181,4.102957757314046,0.0008348111625916014,-0.11933755565550923,4.2314684867858885,0.0008493424509651959,-0.12320302566578419,4.0854785998662315,0.0006592092152762538,-0.12943059122956604,4.173696454366048,0.0011690747109241784,-0.16863992273459932,3.2057244539260865,0.0010382406869515156,-0.08015640360676204,3.0604015906651814,0.0009132690727710723
250,-0.15902364131009297,4.208488273620605,0.002108463416031251,-0.18771065495534486,4.171846977869669,0.004654662838826577,-0.11369601886886352,4.102223841349284,0.0012144627515226602,-0.11886224427059891,4.23111097017924,0.0007817417237674818,-0.12603309479952035,4.093156846364339,0.0005266511385949949,-0.12388213539168265,4.195804452896118,0.0008378931961487979,-0.1685941785345228,3.211176943778992,0.0009638244324984649,-0.08791892398738334,3.086239385604858,0.0009075028268853202
251,-0.15317930682552705,4.213298177719116,0.002332036899557958,-0.17321792367783997,4.139727894465128,0.0052213484498982625,-0.11297516578440613,4.099116452534994,0.0013206913950853049,-0.12187522137564756,4.249338070551555,0.000955727639181229,-0.1169281850894102,4.10458148320516,0.0006161812721984461,-0.11833200515758999,4.176643943786621,0.0007314678999440124,-0.1494339081582806,3.21747096379598,0.0010207343885364631,-0.09121874575197757,3.063860297203064,0.0007369240726499507
252,-0.1516237572599698,4.21403710047404,0.002047738832576821,-0.16228444015080096,4.182799625396728,0.004461976986688872,-0.12072159312918,4.115211137135824,0.000921177970788752,-0.12323248273010537,4.254610888163248,0.0009866242083565642,-0.12080972817952297,4.111614354451498,0.0006080870662117377,-0.11733565721122098,4.192985614140828,0.0007627143689508861,-0.14581362122589514,3.2387680371602374,0.0008357724136052032,-0.07926355959071428,3.068633476893107,0.0008659065002575517
253,-0.1558868344699285,4.232062339782715,0.0021025213044291984,-0.13910489840470092,4.154201118151347,0.004694967422013482,-0.11973868056134059,4.12002116839091,0.0009191365582713237,-0.11555463801203608,4.266264947255452,0.0007369479048065841,-0.12184466239403594,4.126920572916666,0.0008868789668971051,-0.11229903077507106,4.214084943135579,0.000753571205617239,-0.1514422154268282,3.234947109222412,0.000802024855511263,-0.08478182655431435,3.0845710674921674,0.0009943899834373344
254,-0.15264158013967827,4.257300011316935,0.002561106497887522,-0.11456989483875825,4.164877859751384,0.005563050943116347,-0.11618448506355929,4.127830298741658,0.001136712396206955,-0.1133440033147199,4.2834195772806805,0.0010392353132677576,-0.12112223094245246,4.129476833343506,0.0005708560143830255,-0.11091991771833154,4.2142139911651615,0.0006344573349148656,-0.147667466217224,3.262408987681071,0.0009228132121885817,-0.07802810101584878,3.088522998491923,0.0007513607871563484
255,-0.1556858244850436,4.254455137252807,0.002354766746672491,-0.11012766814367225,4.1975643316904705,0.005123270039136211,-0.12113212388903458,4.153260485331217,0.001261737438229223,-0.1168363571010352,4.280177752176921,0.001011577657967185,-0.12052670063106144,4.153896156946818,0.0005390015818799535,-0.11763212876519584,4.229969755808512,0.0007576291400861616,-0.15686084479488996,3.2714607954025268,0.001276116888038814,-0.09179099740734697,3.100113884607951,0.0006505531530516843
256,-0.15210515408812345,4.264582459131876,0.0018579281032240639,-0.1272444125288,4.199150911966959,0.004839776929778357,-0.12024819916021287,4.1518223762512205,0.0010208577751958123,-0.1179151254767913,4.284680922826131,0.0008348431574025501,-0.1198365302370009,4.167921797434489,0.0007162942851815994,-0.11320346388149878,4.2321382522583,0.0008377800035911302,-0.1673473994838437,3.2931570291519163,0.0010187687119469046,-0.08684862201643462,3.082182025909424,0.0006978447704265515
257,-0.15428008932073534,4.291568994522095,0.0016431544441729783,-0.13421601422380708,4.204521004358927,0.004633302451111376,-0.11931450724385315,4.1746409893035885,0.0009895542035034547,-0.11855426620458138,4.306263001759847,0.0008810874559761335,-0.12198746153541719,4.160569953918457,0.000596409627663282,-0.1180000392418409,4.24861725171407,0.0009532935859169811,-0.15002392311124463,3.289570347468058,0.0010084894621589533,-0.08671785273032023,3.1219385226567584,0.0008024992731710275
258,-0.15282448554962288,4.290167729059855,0.0019429691485129297,-0.11236144838638798,4.201905632019043,0.004959420642505089,-0.12457690577966979,4.168553956349691,0.001230201767369484,-0.1118207772065296,4.321513748168945,0.0006953977077500895,-0.11681437591737982,4.1638834794362385,0.0005622066285771629,-0.11251354573614826,4.265322701136271,0.0009415452155129363,-0.1529528115767018,3.2999323844909667,0.0010506041153954962,-0.09334637450136692,3.097666637102763,0.0006632485359053438
259,-0.14864210600149946,4.30918976465861,0.0020847614000861843,-0.1217088533108556,4.2431807041168215,0.004793230211362243,-0.12218728820666819,4.170534070332845,0.0011089597731673468,-0.1262837842289372,4.319935115178426,0.0007415344482675815,-0.12530638528791269,4.165399519602458,0.0007787175272824243,-0.11975140252025,4.264431476593018,0.0012883395499860247,-0.15366159450227826,3.314884328842163,0.0010599178679209823,-0.08440147757325742,3.1112895886103313,0.0010615620053916548
260,-0.14476758791950453,4.316862026850383,0.002244968603675564,-0.12826846417393936,4.2397346019744875,0.0074071699753403665,-0.11273167748697036,4.1841293176015215,0.0008824710675980896,-0.12010018517358598,4.330012734731039,0.0008630586419409762,-0.12075128171555922,4.179310766855876,0.0006887831249817584,-0.11646134295396776,4.276467116673787,0.0009061729050396631,-0.1570240615459227,3.322614622116089,0.0010401515290141105,-0.08600144588581231,3.1249865293502808,0.0012588698591571301
261,-0.14674779232060894,4.306818437576294,0.0019821639677199223,-0.10563119549135958,4.230202102661133,0.00865654817316681,-0.11038284065020804,4.207260815302531,0.0009563005432331313,-0.1127280665772555,4.336155112584432,0.0012002520903479307,-0.13135769709871728,4.195325644810994,0.0007866393871760617,-0.11193504512685172,4.269108517964681,0.0007671863325716307,-0.14159686461006266,3.335694177945455,0.0012971456822318335,-0.08964850841706574,3.119103209177653,0.0010778288550985357
262,-0.15711760564863114,4.339595222473145,0.0018443972357393553,-0.12464104113097027,4.249582846959432,0.005350162655425568,-0.11625102594803562,4.197463274002075,0.001060529953489701,-0.1181420884414776,4.3518324534098305,0.000851717412782212,-0.11851130634503106,4.192613410949707,0.000609637201220418,-0.11601231719345541,4.2994890213012695,0.000714974607884263,-0.15845874007125682,3.348441783587138,0.0011749451766566684,-0.09239152964325112,3.145312801996867,0.0007373907661531121
263,-0.15142120398166814,4.340795246760051,0.0020638262464975315,-0.11539268882226739,4.261886564890544,0.005169130543557306,-0.11496393327206857,4.202110735575358,0.0012250870757270604,-0.12901584116962464,4.368283875783285,0.0010792345274239779,-0.12161908847515815,4.212223466237386,0.0005272340204101056,-0.1128227072513749,4.294994751612346,0.0007210201195751628,-0.14237139589911604,3.3533366441726686,0.0015660338336601853,-0.0840239518027142,3.143736457824707,0.001824514587254574
264,-0.15289314261208928,4.365658887227377,0.002544043496406327,-0.10402391123731966,4.274087285995483,0.005855830223299563,-0.12352212806767701,4.221588977177938,0.0010575229631892096,-0.12128990165628074,4.346360778808593,0.0007953788270242512,-0.13422946921802517,4.219839080174764,0.0005921038110197212,-0.11068796189807806,4.306786680221558,0.0008418817713391035,-0.14325976254469283,3.3681080818176268,0.000989500149929275,-0.09319176679061475,3.1234987417856854,0.000981705771603932
265,-0.15401634198509265,4.372104501724243,0.0018699817902718982,-0.11281732368242818,4.264644781748454,0.0053500484131897485,-0.1245123324182585,4.230671787261963,0.0008928607062747081,-0.12513658345444567,4.356938234965006,0.0009587685364143302,-0.12891065714419156,4.230360921223959,0.0005937047525852297,-0.11327384578190905,4.3098196665445965,0.0007657539730037873,-0.15794493944518442,3.3808255275090535,0.0008674751656750838,-0.08601388954764581,3.162067707379659,0.0007616868329932913
266,-0.15399055334476935,4.386266756057739,0.0020853157504461704,-0.12220988191044636,4.275430425008138,0.004975248935321966,-0.119453475926498,4.233833821614583,0.0016039170033764095,-0.1284612271586647,4.391089407602946,0.0010468002447548011,-0.131958327583898,4.2450995445251465,0.0007162182630660633,-0.12291088602292051,4.317671410242716,0.0010408700016948083,-0.14913848787327938,3.384973231951396,0.0008950015471782535,-0.0814045776704497,3.164889868100484,0.0008091825021741291
267,-0.1606350316047125,4.396156231562297,0.002070440126893421,-0.11663992432670926,4.276752535502116,0.0048380465479567645,-0.124546920048473,4.233948485056559,0.00098861965816468,-0.12175157423246352,4.396224514643351,0.0013187015060490618,-0.12541883196014678,4.228007300694784,0.0011445185509122288,-0.11706202868802619,4.330294100443522,0.0008732649070831637,-0.1509097093241393,3.3803583780924478,0.001591385796200484,-0.09480316385099326,3.1632956504821776,0.0008761628472711891
268,-0.15536640514529798,4.400282748540243,0.0022868069742495814,-0.11579930131848601,4.326908715566,0.004937725840136409,-0.12202355810238669,4.25395835240682,0.0009893163728217284,-0.10989956223316076,4.40548513730367,0.0009256343124434352,-0.12914079847286258,4.246100695927938,0.0011878054909175261,-0.1150189216283645,4.360156981150309,0.0008495929583053415,-0.15295604122196757,3.405850052833557,0.0008644027053378523,-0.07976043426723045,3.1754557689030967,0.0006697777425870299
269,-0.15813669256590862,4.409153525034586,0.0020024666174625356,-0.11930842684055762,4.311498912175496,0.004931520018726587,-0.12558090503359567,4.244249471028646,0.001070245982070143,-0.10765532974000862,4.414886713027954,0.0009712558317308624,-0.12491888633336824,4.274627733230591,0.0006481271770705159,-0.11027293571151392,4.346318769454956,0.0007234091831681629,-0.153025608328567,3.4177569150924683,0.0009743749668511252,-0.08625647245454353,3.202806560198466,0.0008215608201377714
270,-0.16057391891464398,4.419405062993367,0.0021486359221550328,-0.11182747192703074,4.337405236562093,0.0054293853541215265,-0.12012458643765682,4.2689022382100426,0.0012278362875804306,-0.12478334989574826,4.430505704879761,0.0011187141450742881,-0.12768868135777914,4.264174524943034,0.0008712432230822742,-0.11245895194163388,4.352836147944132,0.0009587700886186212,-0.14841116081485334,3.4243175347646075,0.0007730615596907834,-0.08581685933784464,3.1774264097213747,0.0008119188171500961
271,-0.14457608888692122,4.437919537226359,0.0023485586299405743,-0.12450161224001094,4.333879216512044,0.005410987557843328,-0.1250013629253607,4.266317351659139,0.0011908892600331455,-0.1169317225590384,4.427408345540365,0.001139725127723068,-0.12132024990871776,4.292804447809855,0.0005764782128001874,-0.10651140233104918,4.37081028620402,0.0007854475775578369,-0.15570649924965121,3.420283381144206,0.0009258677465065072,-0.07944877563804396,3.2150192896525067,0.000776870049109372
272,-0.1561532475022041,4.445536740620931,0.001966362252521018,-0.11324233542118832,4.340577920277913,0.00514705553650856,-0.126859833998497,4.2820406277974445,0.00210206337311926,-0.1214960569363772,4.43813533782959,0.0009974021057132631,-0.11995389231855945,4.286962572733561,0.0006393819397392994,-0.11992773928803908,4.381741889317831,0.0007850861312666287,-0.16576390515289666,3.4503888924916586,0.0011033943757259598,-0.06948383861274593,3.1973161617914836,0.0008022922217302645
273,-0.1650177115044419,4.45136030515035,0.0020207956161660454,-0.11611007796560235,4.37725567817688,0.005408403921561936,-0.12817947312154862,4.294584353764852,0.0012757722676421206,-0.1231114742848847,4.446198272705078,0.0012179898418253287,-0.12492959508899777,4.3113895098368324,0.0005681724976360177,-0.10363774610957893,4.383877770105998,0.000889558217022568,-0.1577494198473251,3.460853274663289,0.0016043523268308491,-0.0828452480493975,3.1864949385325114,0.0012748136398537705
274,-0.15961000559537628,4.482213894526164,0.001964061175628255,-0.1153261855892004,4.389027961095175,0.004989712871611119,-0.11403501360261022,4.311270491282145,0.001074514400291567,-0.11360347106980212,4.457613197962443,0.0011654891966221233,-0.1255488096433943,4.311165873209635,0.0006981987021087359,-0.10892117779914852,4.392126560211182,0.0007274422008777037,-0.1403234940038351,3.468445976575216,0.0021171997340085607,-0.08933302009166119,3.2072065591812136,0.0008905605316006889
275,-0.15910993992644903,4.480997323989868,0.00224465080924953,-0.13616654142457266,4.353576310475668,0.004688047897070646,-0.120480434040554,4.294764773050944,0.0011987372864192972,-0.1198243972135575,4.46063551902771,0.0009912690671626478,-0.12769893777437777,4.331874291102092,0.0007553885234907891,-0.10822325188185622,4.407267904281616,0.0010803351663829137,-0.13960730140756936,3.4656480312347413,0.001215762513068815,-0.08901311685380295,3.218954340616862,0.0007181756877495597
276,-0.15418435630616598,4.487617921829224,0.0017411672859452664,-0.11856943030748755,4.411366160710653,0.005612732206160823,-0.12355505513363921,4.308255338668824,0.0009482334726878132,-0.11553414594513288,4.475683546066284,0.0009355633868835866,-0.12560739526464662,4.338924932479858,0.0008316144308385749,-0.1076825371265919,4.40623459815979,0.0010647284604298572,-0.14805879557096466,3.481801748275757,0.0008014429748679201,-0.08416668946913,3.2244210481643676,0.0006864830356789753
277,-0.14280329169250766,4.514439233144125,0.0019912749955741066,-0.11169029737737082,4.391940402984619,0.005987643807505568,-0.12282670840580982,4.3233839193979895,0.0009938365352960925,-0.13596634487507203,4.475187683105469,0.0010839046076095353,-0.1258775990745798,4.3476401170094805,0.0010078673648725575,-0.11407846854363261,4.416091903050741,0.001036519706637288,-0.142146783437397,3.4991081317265826,0.0007739421174240609,-0.09264211373058187,3.2216869831085204,0.0006205365158772717
278,-0.15155798716649813,4.507959206899007,0.0020897601925147077,-0.11360626186782485,4.394639428456625,0.0055864649591967465,-0.12276898151360574,4.337714083989462,0.0011055635812226682,-0.13083063345349508,4.495365683237711,0.0011299496283754707,-0.12375230953959673,4.346490128835042,0.000779661307266603,-0.12029588494955552,4.430627250671387,0.0014266502868849785,-0.15032245493683083,3.4921632051467895,0.000786496502890562,-0.09029277366454418,3.2258652289708456,0.0008192300437561546
279,-0.1561919622326435,4.531156047185262,0.0025955551924804845,-0.11849906072393589,4.397390015920004,0.005752350017428398,-0.12218820023160396,4.341996796925863,0.0012355945189483463,-0.13217557871206934,4.506617577870687,0.0008092148365297665,-0.12801601887965633,4.368554178873698,0.0007557970355264842,-0.1081866594040744,4.439990425109864,0.0009749304018138598,-0.15010524923888113,3.5113066991170245,0.0008468352801476916,-0.0912140016836625,3.2256452560424806,0.0008018961661340047
280,-0.1597828722602113,4.537426503499349,0.0024374909854183594,-0.10068326224399356,4.4000026226043705,0.005915842810645699,-0.11803872439184536,4.350909662246704,0.0011175752675626426,-0.12063428144685062,4.498120466868083,0.0007845019785842548,-0.12598492873910577,4.353838109970093,0.0006929262715857476,-0.11277914409744251,4.450974575678507,0.00111066868994385,-0.14967102093589607,3.5283523082733153,0.001179299752887649,-0.08282318098499708,3.2103330373764036,0.0008522105888308336
281,-0.15756344823559526,4.552907673517863,0.0028698641379984718,-0.12406683517493142,4.402064816157023,0.006673103113037844,-0.12219064687158085,4.3532029787699384,0.0012573769762335965,-0.12162613066913666,4.517388534545899,0.0009482320417494824,-0.1318035858201737,4.373483403523763,0.0007232360891066492,-0.11254657174157108,4.445589160919189,0.0009751529394028088,-0.16380414023326786,3.5261495033899943,0.0011512539097263167,-0.06846240332602845,3.2462064027786255,0.0012791374834099163
282,-0.15691409201694337,4.560266383488973,0.0021573453249099355,-0.1372630168863144,4.423042154312133,0.005809703422710299,-0.11849805606753015,4.362048482894897,0.0008265308143260579,-0.13634322644181943,4.519840558369954,0.0008816709373301516,-0.1343452600439061,4.392966858545939,0.0008701993860692407,-0.11702399569484118,4.464824151992798,0.0008081961733599504,-0.16701568667752859,3.5441565831502277,0.000906555422504122,-0.08293011020903024,3.2557944138844808,0.0007456679459816466
283,-0.166416557742633,4.584055852890015,0.0022841336438432338,-0.1663455215207888,4.427670367558798,0.00663018311218669,-0.12651600678543004,4.3678515434265135,0.0010979465577596178,-0.1346404660164547,4.5217091083526615,0.001204238882443557,-0.12598409359825888,4.387515370051066,0.0011172590175798783,-0.11835783938988323,4.471256097157796,0.0008444747266670068,-0.16091559010389,3.538759469985962,0.0009419530785332123,-0.08741089666820108,3.2545799811681113,0.0007258377775239448
284,-0.16224467631026096,4.5619650681813555,0.00234611020811523,-0.14255795221797415,4.473440710703532,0.006595028129716714,-0.1259723451283931,4.401115274429321,0.0023818950653852274,-0.13945074938171445,4.540225346883138,0.0013631436663369338,-0.1229915164861602,4.418827263514201,0.0007408783868110429,-0.11376374687907861,4.47100977897644,0.0011107906514856343,-0.14824217613112856,3.553274075190226,0.001016722619533539,-0.08969537871273325,3.2628868261973065,0.001672801720754554
285,-0.17138585800188905,4.578361892700196,0.002217387741742035,-0.13202798742515653,4.429391860961914,0.005493148183450103,-0.13515351523349406,4.398777214686076,0.0010752037963053832,-0.13358063881886753,4.54687237739563,0.0013767048522519568,-0.12323807912062328,4.4248510837554935,0.0007177521649282426,-0.10834520245757247,4.461604706446329,0.0009405360246698062,-0.152737498434272,3.5715333143870036,0.0013059301612277825,-0.08879025924112752,3.28606542746226,0.0011134017220077415
286,-0.15707867555150973,4.600415468215942,0.001995237924469014,-0.1310844332826041,4.49390656153361,0.006466245076929529,-0.13432158792379473,4.394559415181478,0.001043177394118781,-0.1354830794309376,4.545365699132284,0.0014278910918316494,-0.12059240777722009,4.443829266230265,0.0006170071768186366,-0.11059499447360532,4.477705717086792,0.0009536937111988663,-0.15282032626861117,3.5635054190953572,0.000940067321062088,-0.09161844247631441,3.263963055610657,0.0009988658401804665
287,-0.15835990650765452,4.602137756347656,0.002250023954547942,-0.14075777930504796,4.469704866409302,0.005550683119023839,-0.12678278564251896,4.4085904916127525,0.0009269394019308189,-0.14183457416315354,4.580775960286458,0.0010922966602568826,-0.11768028162393757,4.429743099212646,0.0010323248173032577,-0.10615294525021209,4.500882832209269,0.0010576351662166417,-0.17025283213218997,3.579124029477437,0.0009582654670036088,-0.08939662477824083,3.245781580607096,0.0008400282434498271
288,-0.1676190934944802,4.6396602948506676,0.0023997301623846093,-0.13699822495296327,4.506513420740763,0.0052013642309854426,-0.12264051236589156,4.422192144393921,0.0010440990095958113,-0.12561916606544468,4.577756690979004,0.0011354609198557834,-0.12958662966922987,4.4330992539723715,0.001022307388484478,-0.10599474357823091,4.4963343143463135,0.0011922790474879245,-0.15049773828838525,3.5958651304244995,0.0008621783228591085,-0.08606816098469244,3.268079233169556,0.0007737115112831817
289,-0.1676354260768578,4.63498748143514,0.002450853295158595,-0.13772834185018507,4.504526487986246,0.005613748015214999,-0.11510727335724616,4.428389755884806,0.0013120209681801499,-0.12427475511142934,4.580228328704834,0.0009329116767427573,-0.12232380465890307,4.463037395477295,0.0006811746231202657,-0.10126331902679173,4.525627549489339,0.001020075974520296,-0.14479680357996147,3.619868771235148,0.001158099949437504,-0.08451413149554671,3.308931501706441,0.0006541797590519612
290,-0.15975694761463705,4.636162694295248,0.002188078477047384,-0.14291224624315413,4.542128626505534,0.005524287178801993,-0.11955388495797549,4.457410287857056,0.0011636625393293798,-0.12550582776026362,4.591750033696493,0.0009534396172966808,-0.11879165910099457,4.466138490041097,0.0007319116217937941,-0.1069740764032122,4.523139031728109,0.0009704431703236575,-0.15570563464438938,3.620273566246033,0.0009250477868287514,-0.08107874341962532,3.3069469134012857,0.0008190188479299346
291,-0.15927163967870753,4.650631475448608,0.002407245132296036,-0.1271778815256512,4.5257779916127525,0.0055438892062132554,-0.12114847618978004,4.447893142700195,0.0011885966814588755,-0.122804786190189,4.599729267756144,0.000847229024899813,-0.11684358350497533,4.469723463058472,0.0006786221570412939,-0.11220377498561938,4.527318716049194,0.0010427868566087759,-0.1562356976307955,3.6453641414642335,0.0010811649185294907,-0.07803561056399823,3.3025140603383383,0.0011004709580447526
292,-0.15915591735266257,4.673673502604166,0.00222524458852907,-0.11567162518242297,4.554566955566406,0.005251550115644932,-0.11699571195158037,4.4580358823140465,0.001433290009542058,-0.11172463551929843,4.6219005902608234,0.0009468277508858592,-0.12403498606978568,4.487823629379273,0.0008884071391851952,-0.10545921475269662,4.520950158437093,0.0007934507778069625,-0.1493507671879592,3.637812868754069,0.0013254424964543432,-0.08521230690841426,3.3255850871404014,0.0012147987086791544
293,-0.15507534103823947,4.667727406819662,0.002323294644399236,-0.11544706245895456,4.5368580023447675,0.00609600826477011,-0.12314987318762852,4.4534108956654865,0.0011007486512729276,-0.12051472974008194,4.646017487843832,0.001354332349728793,-0.13040597960204794,4.498046398162842,0.0008816230401862413,-0.10669474985247587,4.544345887502034,0.0009496640966972336,-0.15363673021627963,3.654132294654846,0.0011232654273044319,-0.0890103746517116,3.3015391270319623,0.0010165694014479716
294,-0.15294530627137215,4.680540784200033,0.0022734806640073656,-0.1268328167587206,4.549029779434204,0.0061380853255589805,-0.11913184458614402,4.457593520482381,0.001093092979863286,-0.11634785071881065,4.621737988789876,0.0009944525857766469,-0.1276981231645953,4.503185764948527,0.0009281897723364334,-0.10285598534504767,4.550539875030518,0.0009244533682552477,-0.1517112036311946,3.6625454743703205,0.001166743990809967,-0.09922582291296732,3.312548597653707,0.0007190403082252791
295,-0.15318203862393956,4.685927073160808,0.0030793299549259244,-0.11608088429071277,4.554579893747966,0.006208283516267936,-0.11415869583179684,4.472794230779012,0.0010954785121915242,-0.11979774430688873,4.639366992314657,0.0008514008678806325,-0.12497886122681108,4.511290979385376,0.00106267977389507,-0.099895510474389,4.549504391352335,0.0008443782891845331,-0.14981961062210428,3.6642494201660156,0.0008653478056658059,-0.09677248999369169,3.3236164251963296,0.0007049621684321513
296,-0.16133936783204564,4.716873518625895,0.0031913473658884564,-0.12224827312078747,4.541654602686564,0.005481952079571783,-0.12047805511441599,4.4800238609313965,0.0012068288847027968,-0.11914211056378977,4.653783591588338,0.0015352020777451496,-0.12154727320443416,4.513022089004517,0.0008485224922575677,-0.10553845428256745,4.553971258799235,0.0019726408975354087,-0.13172169692682198,3.6780811071395876,0.0009037484414875507,-0.08922880101028659,3.3229758659998576,0.0006954983090205739
297,-0.14837363405001083,4.71486463546753,0.002272213522034387,-0.13981278043730416,4.593057696024577,0.0060237022737661995,-0.11825624199732437,4.4825239181518555,0.0015422005652605244,-0.12622265592337686,4.679318730036417,0.0012163999238206694,-0.1225567124414242,4.5246411800384525,0.0008063661749474704,-0.11856715790023771,4.57877106666565,0.0012719966762233526,-0.1360055875394753,3.6812437057495115,0.0013471247346994156,-0.09635788292932153,3.3111003478368124,0.0008384591773695622
298,-0.1549410008799296,4.720490980148315,0.002273258256415526,-0.09855103034846212,4.600595617294312,0.007140215688074629,-0.12107919984758807,4.49521689414978,0.0011934602303275217,-0.11555934537431725,4.674409278233846,0.001076170994201675,-0.12164203565416949,4.544504801432292,0.0012120135768782347,-0.09733807427116262,4.577445856730143,0.000860698065177227,-0.1328406684935969,3.6977973143259684,0.001060223476573204,-0.09124722910671298,3.363169002532959,0.0006701368353484819
299,-0.15386707537411487,4.74370846748352,0.0024067578565639754,-0.11904780003434387,4.60767232577006,0.007115488545969129,-0.12040035961000957,4.520713535944621,0.0013944933617797992,-0.12221113833908873,4.681155999501546,0.001000947825377807,-0.1289318847833487,4.552335453033447,0.0014630666972758868,-0.1023986258283512,4.596496025721232,0.0008710516927142938,-0.12941330560590056,3.6990972995758056,0.0008562568342313171,-0.09209681312768542,3.3419058005015057,0.0015326515907266487
300,-0.15527722534810168,4.73252649307251,0.0020005027763545513,-0.12184522539041986,4.5963838736216225,0.005990035350744923,-0.12343262680664521,4.499734560648601,0.001180046241885672,-0.12337789429993809,4.685960944493612,0.0008920083423921217,-0.12731506817211427,4.554977305730184,0.0006850781239336357,-0.11198887701014254,4.60726850827535,0.0012756876666874936,-0.13145383438389927,3.7157561063766478,0.0011268297850620002,-0.09464198453511116,3.3512779553731282,0.0014053728450865795
